school,zip code,Prestige,Satisfaction,Resources & Facilities,Safety,Teacher Support,School Administration,Campus Setting,Average Score
yale university,06520,96.8,86.3,88.3,66.1,74.7,68.8,86.6,81.09
university of california berkeley,94720,96.1,83.8,87.8,55.5,52.7,49.8,79.4,72.16
stanford university,94305,95.8,86.3,92.5,89.7,71,63.7,92.7,84.53
massachusetts institute of technology,02139,95.7,83.2,87.1,71.6,66.4,62.1,55.6,74.53
columbia university in  city of new york,10027,95.7,83.7,77.2,68.5,59.3,50.6,74.1,72.73
dartmouth college,03755,94.7,84.7,83.3,91.2,79.6,57.8,85.2,82.36
williams college,01267,94.1,87.5,84.4,93.8,94,72.6,93.8,88.6
cornell university,14853,93.5,82.2,89.5,81.6,59,54.2,91.5,78.79
university of notre dame,46556,93.5,85.9,80.4,84.1,78.3,52.9,91.3,80.91
university of pennsylvania,19104,93.3,73.1,85.3,49.3,66,62,76.7,72.24
johns hopkins university,21218,92.9,58.1,75.8,47.5,51,50,70.2,63.64
princeton university,08544,92.8,79.3,91.3,92,77.5,72,90.6,85.07
carnegie mellon university,15213,92.2,71.2,78.1,74.4,69.2,49.6,62.3,71
united states naval academy,21402,91.7,77.5,86.7,93.3,80,58.3,76.7,80.6
vanderbilt university,37240,91.7,85,85.8,82.5,84.2,65,90.8,83.57
california institute of technology,91125,91.3,76,76.7,84,57.3,58,75.3,74.09
harvard university,02138,91.3,81.3,86.3,72.2,53,60.4,82.6,75.3
smith college,01063,91.1,85.7,81,90.5,90.5,73.8,92.9,86.5
brown university,02912,91,83.1,78.8,74.8,77.9,60.8,76.6,77.57
wellesley college,02481,90.9,84.1,75.8,89.4,80.3,68.2,92.4,83.01
university of michigan ann arbor,48109,90.5,78.4,87.8,77.3,57.2,53.6,77.3,74.59
university of virginia,22903,90.2,78.2,81.2,73.1,67.1,62,88.5,77.19
amherst college,01002,89.7,84.6,71.8,80.8,83.3,56.9,81.9,78.43
duke university,27708,89.5,71.4,87.8,58,66.7,55.1,82.7,73.03
georgia institute of technology,30332,88.9,78.4,80.6,61.5,52,57.7,60.4,68.5
united states military academy,10996,88.9,75,83.3,94.4,92.6,60.4,87.5,83.16
vassar college,12604,88.9,87.5,87.5,69.4,83.3,58.3,94.4,81.33
william&mary,23185,87.7,79.6,75.9,80.9,80.9,58.6,91.4,79.29
purdue university,47907,87.6,76.4,78.2,77.1,61.3,60.4,69.7,72.96
carleton college,55057,87.5,84.6,78.2,92.3,89.7,76.9,83.3,84.64
middlebury college,05753,87.5,81.3,75,77.1,87.5,68.8,87.5,80.67
university of chicago,60637,87.2,80.8,88.5,47.4,73.5,56,85,74.06
swarthmore college,19081,86.9,75,76.9,88.5,89.7,71.8,88.5,82.47
georgetown university,20057,86.7,78.6,71.4,62.2,65.6,52.4,79.8,70.96
rice university,77005,86.7,76,79.3,79.3,84,65.3,83.3,79.13
united states air force academy,80840,86.1,66.7,69.4,95.8,87.5,59.7,70.8,76.57
university of north carolina chapel hill,27514,86.1,83.9,84.6,76.2,66.3,57.1,88.1,77.47
rose hulman institute of technology,47803,85.9,71.2,75.6,89.7,84.6,70.5,69.2,78.1
university of sourn california,90089,85.6,80,85.6,55.2,71.7,60.6,79.4,74.01
new york university,10003,85.4,72.3,76.2,62.8,59.4,42.6,65.5,66.31
university of california los angeles,90095,85.2,76.2,80.9,69.4,53.3,48.4,78.7,70.3
coastal carolina university,29528,84.4,85.8,86.1,88.3,87.8,87.2,84.4,86.29
emory university,30322,84.3,66.2,85.3,83.3,72.9,62.5,77.5,76
oberlin college,44074,84.3,76.4,85.1,90.7,89.8,61.1,79.8,81.03
university of illinois urbana champaign,61801,84,75.7,85.9,68.8,55.3,52.1,70.8,70.37
tulane university,70118,83.3,76.9,69.9,57.1,71.8,53.2,80.8,70.43
university of texas austin,78712,83.1,80.4,87.6,73.9,61.8,57.5,76.9,74.46
northwestern university,60208,82.5,71.8,69.7,59.8,62.4,47.4,75.6,67.03
rensselaer polytechnic institute,12180,81.3,71.9,77.1,72.2,68.1,56.3,56.3,69.03
california polytechnic state university san luis obispo,93407,81.2,85.9,71.7,80.4,82.6,57.2,70.3,75.61
colgate university,13346,81.1,76.8,69,90.5,75,61.9,94.7,78.43
reed college,97202,81.1,83.3,81.1,85.6,90,72.2,80,81.9
villanova university,19085,80.8,73.2,82.1,80.8,73.1,64.1,83.3,76.77
berea college,40404,80.6,70.8,62.5,76.4,83.3,56.9,68.1,71.23
university of florida,32611,80.3,77.8,81,73,58.3,48.1,80,71.21
university of wisconsin madison,53706,80.1,78.4,80.4,67.6,56.1,49.4,76.6,69.8
pomona college,91711,80,77.8,77.8,70.4,74.1,74.1,64.8,74.14
bard college,12504,79.4,84.8,82.8,87.1,88.3,80.9,82.8,83.73
pennsylvania state university main campus,16802,79.2,81.8,85.3,76.7,58.8,54.4,80,73.74
boston college,02467,78.7,69.2,76.3,81.4,66,57.1,77.6,72.33
virginia polytechnic institute and state university,24061,78.7,81.6,81.6,80.1,63.2,59.9,88,76.16
brandeis university,02453,78.3,73.8,80,85.8,80,52.5,63.3,73.39
bucknell university,17837,78.3,65,65,93.3,81.7,70,85,76.9
miami university,45056,78.2,70.7,76.4,71.8,70.1,54.8,91.4,73.34
harvey mudd college,91711,77.4,82.1,81,85.7,91.7,79.8,50,78.24
fordham university,10458,77.4,83.9,75,51.2,75,53.6,76.2,70.33
tufts university,02155,77.2,69.7,71.9,78.1,73.7,57,71.9,71.36
texas a&m university college station,77843,77,73.5,77,83,63.7,59.7,71.3,72.17
pepperdine university,90263,77,76.3,70,84.2,77.5,56.7,91,76.1
sourn methodist university,75275,77,73.9,80.2,73.5,79.5,57.6,83.3,75
wesleyan university,06459,76.7,80,81.7,74.1,83.3,63.3,71.7,75.83
centre college,40422,76.4,75,80.6,83.3,94.4,70.8,84.7,80.74
claremont mckenna college,91711,76.2,85.7,73.8,78.6,71.4,69,52.4,72.44
brigham young university,84602,76.1,83.1,84.7,95.3,69.6,61,81.3,78.73
lehigh university,18015,76,78.1,75,65.6,71.9,52.1,83.3,71.71
wake forest university,27109,75.8,75,77.3,80.3,80.3,66.7,80.3,76.53
washington university in st louis,63130,75.6,75,78.9,68.9,76.7,62.2,74.4,73.1
university of california san diego,92093,75.3,66.7,79.5,78.1,50.7,45.4,79.9,67.94
university of washington seattle,98195,74.6,78.2,81,69.9,61.8,53.9,82.1,71.64
drexel university,19104,74.6,61.8,71.9,35.1,42.1,39.5,41.2,52.31
indiana university bloomington,47405,74.5,75.4,85,76.9,59.8,53.8,91,73.77
worcester polytechnic institute,01609,74.4,78.8,80.8,71.8,79.5,57.7,74.4,73.91
saint louis university main campus,63103,74.4,78.8,75.6,60.3,71.8,66.7,84.6,73.17
university of california davis,95616,74.2,80.1,78.8,82.2,59.5,51.9,71.2,71.13
college of  holy cross,01610,74.2,81.8,77.3,78.8,84.8,69.7,87.9,79.21
mount holyoke college,01075,74.2,59.1,69.7,87.9,83.3,63.6,93.6,75.91
rochester institute of technology,14623,74.1,74.1,78.3,77,68.8,50.6,49.1,67.43
university of san diego,92110,73.8,71.4,69,71.4,66.7,64.3,81,71.09
colorado school of mines,80401,73.8,60.7,50,78.6,52.4,50,52.4,59.7
valparaiso university,46383,73.8,76.8,73.8,85.7,86.9,73.8,72.6,77.63
pratt institute main,11205,73.8,50,42.9,31,47.6,35.7,59.5,48.64
university of california santa barbara,93106,73.6,81.9,74.1,64.8,59.7,54.2,87.5,70.83
missouri university of science and technology,65409,73.5,73.5,66.7,75.5,73.5,60.8,48,67.36
ohio state university,43210,73.5,75,80.1,62,59.6,59.3,71.9,68.77
north carolina a&t state university,27411,73.3,75,76.7,61.7,73.3,73.3,75,72.61
boston university,02215,73.3,67,77.8,68.5,61.5,52.2,58.9,65.6
university of kansas,66045,73,78.6,79.8,76.6,63.9,50,86.1,72.57
virginia military institute,24450,72.9,75,47.9,85.4,66.7,43.8,52.1,63.4
washington and lee university,24450,72.9,59.4,58.3,85.4,75,60.4,89.6,71.57
clemson university,29634,72.7,72.7,74.2,78.8,71.2,58.3,79.5,72.49
auburn university,36849,72.4,79.8,74.7,76.3,64.1,59,85.3,73.09
michigan technological university,49931,72.4,71.8,72.4,92.2,64.1,55.7,78.6,72.46
michigan state university,48824,72.4,79.5,80.1,71.2,63.9,54.6,82.6,72.04
suny college geneseo,14454,72.2,78.3,66.7,80,74.4,58.9,75.6,72.3
rutgers university,08901,72,70.3,77.3,53.4,54,45.1,60.5,61.8
case western reserve university,44106,71.7,67.4,75.4,45.7,75.4,42.8,54.3,61.81
bellarmine university,40205,71.7,62.5,65,78.3,73.3,71.7,71.7,70.6
california baptist university,92504,71.4,82.1,61.9,85.7,73.8,66.7,90.5,76.01
bentley university,02452,71.4,67.9,61.9,69,73.8,61.9,78.6,69.21
sarah lawrence college,10573,71.4,64.3,50,76.2,83.3,71.4,76.2,70.4
malone college,44306,71.4,75,66.7,90.5,88.1,52.4,76.2,74.33
south dakota school of mines and technology,57701,71.4,71.4,52.4,78.6,69,50,59.5,64.61
depaul university,60604,71.3,68.1,71.3,61.1,70.4,55.6,64.8,66.09
baylor university,76706,71.3,70.8,71.3,71.3,73.1,56.5,80.6,70.7
university of maryland college park,20742,71,68.5,79.7,46,60.9,48.2,77.5,64.54
syracuse university,13244,70.8,67.9,69.5,58.9,64.3,50,67.2,64.09
north carolina state university raleigh,27695,70.8,68.1,77.3,68.5,66.7,60.6,57.9,67.13
university of minnesota twin cities,55455,70.7,69.6,84.8,64.5,52.2,47.5,73.6,66.13
louisiana state university,70803,70.6,78.3,72.2,67.2,62.8,51.1,79.4,68.8
bryn mawr college,19010,70.5,84.6,64.1,85.9,80.8,62.8,93.8,77.5
texas christian university,76109,70.5,75,62.8,70.5,71.8,66.7,79.5,70.97
rutgers university camden,08102,70,60,53.3,31.7,58.3,55,36.7,52.14
george washington university,20052,69.8,61.7,71.9,72.9,57.3,39.6,57.3,61.5
abilene christian university,79699,69.2,82.7,65.4,70.5,71.8,56.4,64.1,68.59
florida state university,32306,69,75.9,74.1,73.3,64.5,58.3,73.8,69.84
university of georgia,30602,69,76.4,82.8,61.9,60,51.9,80,68.86
wheaton college,60187,64.6,56.3,41.7,77.1,70.8,50,54.2,59.24
loyola college in maryland,21210,69,75,59.5,69,76.2,59.5,78.6,69.54
university of iowa,52242,68.9,76.7,74.4,73.3,62.2,55,72.8,69.04
university of miami,33146,68.8,68.8,65.6,60.4,62.5,56.3,80.2,66.09
seattle university,98122,68.8,71.9,60.4,60.4,64.6,58.3,58.3,63.24
quinnipiac university,06513,68.5,80.6,77.8,67.5,74.1,54.6,84.2,72.47
rollins college,32789,68.5,66.7,61.1,81.5,74.1,64.8,81.5,71.17
university of alabama,35487,68.4,73.7,78.1,65.8,58.8,44.7,78.9,66.91
university of connecticut,06269,68.3,66.7,73.3,61.7,53.9,43.9,69.4,62.46
mary baldwin college,22903,68.3,67.5,51.7,75,61.7,55,70,64.17
whitman college,99362,67.9,76.9,71.8,80.8,82.1,56.4,76.9,73.26
university of rochester,14627,67.7,65.6,69.8,52.1,63.5,43.8,67.7,61.46
american university,20016,67.5,68.8,60.8,77.5,65,50.8,64.2,64.94
dickinson college,17013,67.3,81,80.7,75.3,84,66.7,85.3,77.19
university of pittsburgh,15260,67.3,72.7,79.9,57.1,61,52.2,61.1,64.47
alaska pacific university,99508,66.7,57.1,59.5,57.1,52.4,59.5,54.8,58.16
colorado state university fort collins,80523,66.7,76.5,72.5,75.5,62.7,57.8,66.7,68.34
butler university,46208,66.7,64.3,45.2,76.2,73.8,71.4,81,68.37
babson college,02457,66.7,75,66.7,81.9,72.2,62.5,76.4,71.63
stevens institute of technology,07030,66.7,52.3,47,74.2,56.1,28.8,66.7,55.97
gannon university,16541,66.7,52.8,63,66.7,64.8,61.1,46.3,60.2
norastern university,02115,66.1,75,78.1,60.9,60.9,56.8,68.2,66.57
ohio university main campus,45701,65.9,87.5,72.6,77,70.2,59.5,86.5,74.17
franklin and marshall college,17603,65.5,69.6,69,73.8,82.1,70.2,70.2,71.49
lawrence university,54911,65.5,67.9,69,92.9,90.5,64.3,73.8,74.84
florida international university,33199,65.3,69,77.3,69.3,68.7,58,74,68.8
juniata college,16652,65.3,85.4,68.1,88.9,83.3,69.4,84.7,77.87
marquette university,53233,65.2,70.5,65.2,62.1,62.1,56.1,57.6,62.69
iowa state university,50011,65,72.6,72.1,80.9,56.1,52.4,76.8,67.99
university of california irvine,92697,65,70,73.3,80.6,62.8,51.7,73.3,68.1
trinity university,78212,65,75,73.3,71.7,76.7,56.7,75,70.49
hampton university,23668,64.8,75,59.3,70.4,64.8,42.6,66.7,63.37
cuny the city college of new york,10031,64.8,72.2,61.1,57.4,66.7,44.4,57.4,60.57
suny stony brook,11794,64.7,63.5,67.3,64.7,50,44.7,48.7,57.66
national university,92123,64.6,65.6,72.9,79.2,70.8,68.8,70.8,70.39
suffolk university,02108,64.6,59.4,56.3,72.9,70.8,64.6,39.6,61.17
john carroll university,44118,64.6,75,60.4,81.3,72.9,56.3,77.1,69.66
university of alabama birmingham,35294,64.3,65.5,77.8,55.6,55.6,51.6,50.8,60.17
saint bonaventure university,14260,64.3,62.5,62.5,72.9,62.5,43.8,68.8,62.47
loyola marymount university,90045,64.1,61.5,57.7,73.1,78.2,44.9,84.6,66.3
university of colorado boulder,80309,64.1,73.1,79.5,67.1,58.5,52.1,90.6,69.29
james madison university,22807,63.7,69.1,70.6,73.5,68.6,58.8,78.4,68.96
furman university,29613,63.6,77.5,56.1,83.3,80.3,53,80.3,70.59
university of tennessee knoxville,37996,63.6,68.9,74.7,61.6,55.1,41.4,62.1,61.06
appalachian state university,28608,63.5,86.9,73,76.2,76.2,67.5,84.9,75.46
university of utah,84112,63.5,71.2,79.5,73.7,65.4,57.1,73.7,69.16
embry riddle aeronautical university daytona beach,32114,63.3,33.3,50,71.7,63.3,31.7,50,51.9
kansas state university,66506,63.2,73.7,71.9,71.1,73.7,65.8,74.6,70.57
stetson university,32723,63,58.3,51.9,74.1,88.9,53.7,74.1,66.29
macalester college,55105,63,77.8,74.1,64.8,88.9,70.4,81.5,74.36
lafayette college,18042,63,69.4,75.9,70.4,87,70.4,81.5,73.94
california state university long beach,90840,62.8,74,68.6,61.5,66.7,57.1,72.4,66.16
university of missouri columbia,65211,62.7,69.9,72.5,70.6,57.4,40.7,73,63.83
university of oklahoma norman,73019,62.7,77.2,79.9,77.3,67.6,57.8,78.4,71.56
harding university,72149,62.5,71.9,68.8,81.3,91.7,75,77.1,75.47
university of denver,80208,62.5,46.9,50,64.6,58.3,58.3,60.4,57.29
rider university,08648,62.5,71.9,68.8,72.9,62.5,60.4,60.4,65.63
cuny brooklyn college,11210,62.5,46.9,64.6,58.3,47.9,37.5,79.2,56.7
clark university,01610,62.1,61.4,63.6,45.5,74.2,54.5,56.1,59.63
university of delaware,19716,62.1,75,76.4,70.1,66.7,56.9,82.2,69.91
university of massachusetts amherst,01003,62,68.5,67.8,59.3,50.8,38.5,60.1,58.14
university of puerto rico rio piedras,00931,61.9,46.4,45.2,45.2,38.1,42.9,47.6,46.76
university of arizona,85721,61.8,71.7,82,68.9,64,49.1,71.5,67
washington state university,99164,61.7,72.3,79.8,76.2,69.6,59.5,72,70.16
polytechnic university,11201,61.7,60,56.7,63.3,63.3,53.3,51.7,58.57
boise state university,83725,61.1,66.7,64.8,75.9,69.4,50.9,64.8,64.8
bradley university,61625,61.1,64.6,54.2,50,75,45.8,68.1,59.83
saint johns university,55105,61.1,77.1,68.1,68.1,63.9,44.4,70.8,64.79
east carolina university,27858,61.1,81.9,76.9,69.4,71.3,62,72.2,70.69
west virginia university,26506,60.9,80.2,74.7,71.3,64.9,54,67.8,67.69
truman state university,63501,60.8,76.5,61.8,77.5,74.5,57.8,67.6,68.07
oklahoma state university,74078,60.7,84.3,76.8,84.5,68.5,62.5,82.7,74.29
california luran university,91360,60.6,78.4,63.6,87.9,90.2,75,69.7,75.06
taylor university upland,46989,60.4,68.8,54.2,81.3,66.7,58.3,62.5,64.6
st johns college,87505,45.2,71.4,45.2,68.8,70.8,42.9,61.9,58.03
university of mary washington,22401,60.3,80.8,67.9,88.5,82.1,59,91,75.66
university of oregon,97403,60.1,73.9,78.3,73.9,71.7,58,81.2,71.01
suny binghamton,13902,60,63.3,55.6,67.8,52.2,41.1,41.1,54.44
saint marys college of california,94575,59.5,75,50,57.1,52.4,61.9,76.2,61.73
agnes scott college,30030,59.5,75,54.8,88.1,76.2,52.4,90.5,70.93
berkeley college,07030,50,50,52.4,47.6,45.2,33.3,50,46.93
suny college purchase,10577,59.5,78.6,57.1,85.7,88.1,40.5,38.1,63.94
temple university,19122,59.5,50.9,65.5,40.5,56,37.5,48.2,51.16
earlham college,47374,59.3,66.7,55.6,81.5,87,51.9,66.7,66.96
calvin college,49305,59.3,75,68.5,77.8,77.8,61.1,63,68.93
mississippi college,39120,59.3,52.8,46.3,70.4,74.1,57.4,64.8,60.73
wittenberg university,45501,59.3,82.5,70.4,79.6,85,66.7,75.9,74.2
university of alaska fairbanks,99775,59.1,75,71.2,87.9,71.2,54.5,59.1,68.29
duquesne university,15282,59.1,70.5,50,54.5,60.6,45.5,63.6,57.69
university of south carolina,29208,59.1,79.5,77.3,65.2,69.7,60.1,68.2,68.44
university of kentucky,40506,59,67.3,69.9,61.5,55.8,48.1,71.2,61.83
mississippi state university,39762,59,67.3,67.9,71.8,66.7,60.3,70.5,66.21
santa clara university,95053,58.9,60,67.8,71.1,73.3,61.1,84.4,68.09
university of new hampshire,03824,58.9,70,68.9,81.1,74.4,67.8,81.1,71.74
illinois institute of technology,60616,58.3,60.9,60.4,49,67.7,52.1,51,57.06
university of new orleans,70148,58.3,60,68.3,56.7,51.7,46.7,65,58.1
elon university,27244,58.3,87.5,67.9,83.3,85.7,66.7,89.3,76.96
university of cincinnati,45221,58.3,55.7,65.9,43.2,53.8,44.7,59.8,54.49
ohio norrn university,45872,58.3,55,56.7,77.8,57.4,51.7,66.7,60.51
university of  arts,19102,58.3,50,45.8,52.1,62.5,60.4,27.1,50.89
university of south carolina aiken,29801,58.3,71.9,56.3,83.3,79.2,77.1,62.5,69.8
san jose state university,95192,57.9,66.7,81,68.3,73,41.3,65.1,64.76
arizona state university tempe,85281,57.9,69.8,74.5,64.2,59.7,49.1,68.6,63.4
university of north dakota,58202,57.8,68.3,74.4,76.7,62.2,47.8,63.3,64.36
western washington university,98225,57.7,75.9,73.2,71.4,69.6,51.2,84.5,69.07
university of louisville,40292,57.5,65,61.7,46.7,56.7,48.3,55,55.84
university of arkansas,72701,57.4,62.5,76.9,68.5,57.4,50,75.9,64.09
florida sourn college,33801,57.4,69.4,75.9,72.2,81.5,58.3,79.6,70.61
lawrence technological university,48075,57.4,50,57.4,68.5,72.2,55.6,48.1,58.46
brigham young university idaho,83460,57.3,81.3,77.1,93.8,87.5,83.3,75,79.33
mercer university,31207,57.1,42.9,52.4,71.4,61.9,42.9,59.5,55.44
purdue university north central campus,46391,57.1,53.6,50,76.2,59.5,40.5,59.5,56.63
university of sourn mississippi,39406,57.1,62.5,63.1,67.9,60.7,58.3,61.9,61.64
university of nebraska omaha,68182,57.1,62.5,75,77.4,69,58.3,61.9,65.89
marist college,12601,57.1,71.4,59.5,76.2,61.9,47.6,69,63.24
oklahoma baptist university,73072,57.1,71.4,40.5,57.1,78.6,42.9,57.1,57.81
dakota state university,57049,57.1,78.6,64.3,83.3,69,66.7,71.4,70.06
texas a&m university texarkana,75503,57.1,57.1,33.3,42.9,61.9,50,33.3,47.94
saint leo university,33574,56.9,62.5,62.5,68.1,81.9,41.7,65.2,62.69
gustavus adolphus college,56082,56.9,68.8,65.3,81.9,81.9,48.6,76.4,68.54
saint olaf college,55057,56.9,62.5,63.9,81.9,70.8,65.3,72.2,67.64
kent state university main campus,44242,56.7,68.6,70.6,70.9,65.6,59.2,69.5,65.87
illinois state university,61761,56.7,65,62.2,65.6,80,68.9,60,65.49
davenport university grand rapids campus,49504,56.7,67.5,56.7,66.7,68.3,63,55,61.99
university of dayton,45469,56.7,72.5,62.5,65,75,65.8,65,66.07
university of central florida,32816,56.3,75.3,74.9,66.4,64.4,50.5,72.1,65.7
university of alabama in huntsville,35899,56.3,71.9,60.4,79.2,64.6,54.2,60.4,63.86
university of illinois chicago,60607,56.3,53.1,53.1,43.8,43.8,35.4,32.3,45.4
hendrix college,72032,56.1,77.5,80.3,87.9,83.3,69.7,87.9,77.53
georgia sourn university,31419,56.1,59.1,62.1,53.3,69.7,43.9,60.6,57.83
jacksonville state university,36265,56,76.9,63.1,63.1,59.5,53.6,67.9,62.87
university of nebraska lincoln,68588,56,64.3,73.8,77.4,58.3,49.4,67.9,63.87
loyola university chicago,60660,55.6,62.5,56.9,50,59.7,52.8,66.7,57.74
olivet nazarene university,60954,55.6,72.2,57.4,77.8,75.9,63,66.7,66.94
lur college,60153,55.6,75,57.4,75.9,74.1,51.9,70.4,65.76
gordon college,01945,55.6,82.5,68.5,93.8,88.9,81.5,75.9,78.1
hope college,49423,55.6,72.2,66.7,72.9,75.9,72.2,66.7,68.89
university of michigan dearborn,48128,55.6,61.1,55.6,70.4,55.6,42.6,50,55.84
seton hall university,07079,55.6,52.8,59.3,51.9,53.7,31.5,61.1,52.27
oregon state university,97331,55.3,82,79.3,80,58.7,53.3,78,69.51
california state polytechnic university pomona,91768,55.2,70.3,68.8,62.5,70.8,53.1,61.5,63.17
suny college buffalo,14222,55.1,65.4,66.7,56.4,57.7,47.4,51.3,57.14
california state university los angeles,90032,55,52.5,60,71.7,66.7,51.7,50,58.23
grinnell college,50112,55,72.5,66.7,85,81.7,55,70,69.41
college of wooster,44691,55,65,63.3,71.7,85,63.3,75,68.33
university of north texas,76203,54.8,69.4,74.2,66.7,68.8,54.8,64.5,64.74
colorado college,80903,54.8,75,61.9,81,76.2,66.7,73.8,69.91
fairfield university,06824,54.8,57.1,69,71.4,71.4,57.1,69,64.26
university of illinois springfield,62703,54.8,46.4,69,83.3,78.6,69,54.8,65.13
towson university,21252,54.8,66.1,69,53.6,70.2,63.1,65.5,63.19
kettering university,48504,54.8,50,45.2,26.2,64.3,54.8,45.2,48.64
university of minnesota morris,56267,54.8,75,45.2,88.1,83.3,54.8,38.1,62.76
university of mississippi,38677,54.8,68.3,70,80,61.1,51.1,83.3,66.94
creighton university,68178,54.8,78.6,54.8,64.3,59.5,45.2,61.9,59.87
manhattan university,10471,54.8,71.4,54.8,64.3,71.4,52.4,61.9,61.57
pennsylvania state univ penn st worthington scrntn,18512,54.8,57.1,57.1,73.8,64.3,66.7,59.5,61.9
saint vincent college,15650,54.8,75,35.7,66.7,66.7,,81,63.32
university of dallas,75062,54.8,64.3,47.6,64.3,73.8,57.1,35.7,56.8
university of richmond,23173,54.8,71.4,69,81,69,59.5,90.5,70.74
messiah college,17055,54.7,70,66.7,90.7,82,60,78,71.73
university of san francisco,94117,54.2,59.4,47.9,58.3,75,62.5,54.2,58.79
university of tampa,33606,54.2,59.4,54.2,70.8,56.3,50,68.8,59.1
illinois wesleyan university,61701,54.2,68.8,52.1,75,75,64.6,64.6,64.9
allegheny college,16335,54.2,53.1,66.7,75,61.9,50,72.9,61.97
university of rhode island,02881,54.2,54.2,51.4,55.6,61.1,56.9,65.3,56.96
belmont university,37212,54.2,68.8,58.3,68.8,70.8,47.9,66.7,62.21
university of texas dallas,75080,54.2,64.6,74.3,71.5,70.8,55.6,41.7,61.81
troy state university main campus,36082,53.8,73.1,65.4,73.1,66.7,59,56.4,63.93
adelphi university,11794,53.8,61.5,67.9,71.8,65.4,51.3,71.8,63.36
san diego state university,92182,53.8,65.9,75,60.6,65.2,52.3,69.7,63.21
souastern louisiana university,70402,53.7,63.9,64.8,68.5,70.4,48.1,53.7,60.44
clarkson university,13699,53.7,75,61.1,87,83.3,55.6,51.9,66.8
university of north carolina greensboro,27412,53.7,62.5,77.8,62,75,57.4,68.5,65.27
whitworth college,99251,53.7,75,59.3,77.8,81.5,57.4,72.2,68.13
norrn illinois university,60115,53.5,65.6,62.5,57.6,66,54.2,60.4,59.97
regis university,80221,53.3,65,50,66.7,50,58.3,55,56.9
university of maryland global campus,20783,53.3,66.7,61.1,67.8,64.4,61.1,57.8,61.74
park university,64141,53.3,65,60,65,66.7,66.7,58.3,62.14
cuny baruch college,10010,53.3,55,56.7,61.7,58.3,33.3,53.3,53.09
university of california riverside,92521,53.1,65.6,67.7,55.2,59.4,56.3,60.4,59.67
old dominion university,23529,53.1,56.3,65.6,62.5,56.3,51,56.3,57.3
ball state university,47306,52.8,76.4,80.6,77.8,72.2,58.3,67.6,69.39
hofstra university,11549,52.8,69.4,75,70.4,70.4,47.2,73.1,65.47
pace university,10038,52.8,62.5,61.1,59.7,62.5,47.2,47.2,56.14
california state university fullerton,92831,52.6,67.1,62.3,66.7,65.8,52.6,64,61.59
university of hawaii manoa,96822,52.6,63.5,62.8,72.4,69.9,53.8,73.7,64.1
ithaca college,14850,52.4,69.6,57.1,77.4,72.6,48.8,70.2,64.01
suny buffalo,14260,52.4,57.1,74.1,57.7,45.8,47,49.4,54.79
tennessee technological university,38505,52.4,67.9,69,78.6,83.3,54.8,78.6,69.23
texas state university,78666,52.4,73.2,64.3,67.9,70.2,54.8,71.4,64.89
university of wisconsin milwaukee,53211,52.2,66.3,75.4,71.7,55.1,54.3,61.6,62.37
saint marys college,46556,52.1,53.1,54.2,79.2,77.1,56.3,75,63.86
louisiana state university shreveport,71115,52.1,53.1,60.4,81.3,70.8,62.5,47.9,61.16
wentworth institute of technology,02115,52.1,71.9,58.3,56.3,64.6,52.1,50,57.9
keene state college,03431,52.1,75,64.6,81.3,64.6,60.4,64.6,66.09
jamestown college,58401,52.1,75,43.8,52.1,52.1,47.9,50,53.29
university of houston,77204,52,63.2,72.5,46.1,66.7,48,60.8,58.47
chapman university,92866,51.9,55.6,51.9,70.4,68.5,44.4,59.3,57.43
texas tech university,79409,51.9,72.2,73.1,69.4,61.1,42.6,68.5,62.69
university of norrn colorado,80639,51.7,75,72.2,73.3,68.3,53.3,70,66.26
lewis&clark college,97219,51.7,75,63.3,75,81.7,56.7,76.7,68.59
university of south florida,33620,51.6,67.1,64,63.2,60.3,52.4,64.8,60.49
university of northern iowa,50614,51.5,75,57.6,80.3,65.2,59.1,66.7,65.06
northwest missouri state university,64468,51.5,75,75.8,65.2,75.8,66.7,77.3,69.61
university of vermont,05405,51.5,56.8,43.9,63.6,57.6,34.8,66.7,53.56
pacific luran university,98447,51.5,75,54.5,60.6,81.8,57.6,66.7,63.96
university of wisconsin eau claire,54701,51.5,75,66.7,75.8,74.2,68.2,72.7,69.16
sourn illinois university carbondale,62901,51.5,68.5,63.8,64.5,65.2,55.3,71.7,62.93
college of new jersey,08628,51.3,60.4,62.8,82.1,71.8,53.8,67.9,64.3
utah state university,84322,51.3,65.4,69.2,83.3,67.9,53.8,67.9,65.54
sonoma state university,94928,51.1,75,77.8,85.6,83.3,56.7,78.9,72.63
sam houston state university,77340,51,70.3,69.8,66.7,72.9,60.4,70.8,65.99
west texas a&m university,79016,51,75,71.9,81.3,74,69.8,68.8,70.26
california state university northridge,91330,50,57.1,70.6,69,64.3,50,62.7,60.53
florida atlantic university boca raton,33431,50,65,64.2,65,70.2,55.8,60,61.46
university of west florida,32514,50,70.8,72.2,86.1,76.4,59.7,77.8,70.43
eastern illinois university,61920,50,76.7,71.1,84.4,80,58.9,63.3,69.2
indiana university   purdue university indianapolis,46202,50,60.5,74.1,69.3,61.4,41.2,54.4,58.7
monmouth university,07764,50,72.2,46.3,59.3,63,59.3,72.2,60.33
new mexico institute of mining and technology,87801,50,72.2,64.8,79.6,74.1,61.1,63,66.4
guilford college,27410,50,71.4,54.8,47.6,69,42.9,64.3,57.14
franciscan university of steubenville,43952,50,75,57.1,85.7,76.2,64.3,69,68.19
pacific university,97123,50,68.8,58.3,81.3,59.5,50,75,63.27
south dakota state university,57007,50,59.4,62.5,75,43.8,52.1,60.4,57.6
christian brors university,38104,50,75,35.7,69,73.8,76.2,54.8,62.07
george mason university,22030,50,60.7,72.2,66.7,57.9,46.8,58.7,59
randolph macon college,23192,50,77.8,53.7,66.7,75.9,46.3,68.5,62.7
evergreen state college,98505,50,70.5,56.1,75.8,81.8,47,72.7,64.84
gonzaga university,99258,50,75,50,75,77.1,50,66.7,63.4
university of wisconsin la crosse,54601,50,71.9,60.4,70.8,62.5,60.4,60.4,62.34
university of wyoming,82071,50,75,64.6,81.3,85.4,75,66.7,71.14
bowling green state university main campus,43403,49.1,65.8,69.3,75.4,69.3,59.6,55.3,63.4
university of maryland baltimore county,21250,49.1,51.4,65.7,64.8,61.1,41.7,51.9,55.1
florida a&m university,32307,48.8,64.3,40.5,50,51.3,27.4,50,47.47
cuny queens college,11367,48.6,58.3,55.6,69.4,65.3,56.9,56.9,58.71
university of texas arlington,76019,48.5,65.4,74,69.6,70.1,55.4,64.7,63.96
alabama a&m university,35762,48.5,70.5,60.6,62.1,63.6,50,50,57.9
oakland university,48309,48.5,50,56.7,71.2,66.7,51.5,51.5,56.59
susquehanna university,17870,48.5,75,54.5,69.7,71.2,48.5,74.2,63.09
san francisco state university,94132,48.4,65.5,62.7,65.1,64.3,34.1,63.5,57.66
devry university arizona,85281,48.3,47.5,53.3,57.4,55,58.3,46.7,52.36
humboldt state university,95521,48.2,84.2,66.7,78.9,81.6,53.5,90.4,71.93
grand valley state university,49401,48.1,61.1,69.1,80.9,70.4,58.6,75.3,66.21
university of montana missoula,59812,48.1,75,53.7,72.2,61.1,48.1,74.1,61.76
university of toledo,43606,48.1,73.6,69.4,62,62,46.3,76.9,62.61
southwestern university,78626,48.1,61.1,68.5,74.1,85.2,63,70.4,67.2
florida gulf coast university,33965,48.1,64.8,67.3,77.8,70,64.8,71.6,66.34
virginia commonwealth university,23284,48,60,64,42,58,46,50.7,52.67
university of michigan flint,48502,47.9,46.9,37.5,20.8,52.1,29.2,29.2,37.66
roberts wesleyan college,14624,47.9,68.8,56.3,75,77.1,62.5,62.5,64.3
kenyon college,43022,47.9,62.5,52.1,83.3,79.2,60.4,83.3,66.96
keiser college,33401,47.6,71.4,47.6,78.6,73.8,59.5,38.1,59.51
point park university,15222,47.6,57.1,35.7,54.8,64.3,54.8,45.2,51.36
norrn state university,57401,47.6,64.3,38.1,52.4,59.5,54.8,59.5,53.74
saint michaels college,05439,47.6,82.1,59.5,88.1,83.3,69,61.9,70.21
university of nevada las vegas,89154,47.4,65.4,70.5,55.1,67.9,50,53.8,58.59
university of maine,04469,47.2,63.9,66.7,76.9,64.8,48.1,63,61.51
university of california santa cruz,95064,47.1,72.8,69.6,67.4,69.6,44.2,90.6,65.9
flagler college,32043,47,54.5,54.5,69.7,69.7,60.6,93.1,64.16
university of nevada reno,89557,47,56.8,51.5,69.7,51.5,42.4,57.6,53.79
college of charleston,29424,47,68.2,61.7,58.3,73.3,61.7,83.3,64.79
california state university sacramento,95819,46.7,56.7,61.1,61.1,63.3,52.2,53.3,56.34
drake university,50311,46.7,55,48.3,45,56.7,41.7,43.3,48.1
western michigan university,49008,46.7,63.3,66.7,64.4,66.7,48.9,56.7,59.06
university of missouri st louis,63121,46.7,55,68.3,65,63.3,56.7,50,57.86
bloomsburg university of pennsylvania,17815,46.7,60,58.9,66.7,65.6,60,56.7,59.23
weber state university,84405,46.7,65,70,73.3,63.3,55,58.3,61.66
university of puget sound,98416,46.7,65,55,58.3,81.7,60,75,63.1
university of wisconsin oshkosh,54901,46.7,65,60,75,58.3,48.3,50,57.61
university of texas san antonio,78249,46.5,48.7,56.1,68.4,63.2,54.4,61.4,56.96
bowdoin college,04011,46.4,66.1,79.8,85.7,78.6,81,79.8,73.91
montana state university bozeman,59717,46.2,67.9,67.9,86.9,79.5,70.2,61.9,68.64
valdosta state university,31698,45.8,53.1,54.2,45.8,47.9,29.2,62.5,48.36
indiana university   purdue university fort wayne,46805,45.8,53.1,47.9,56.3,33.3,22.9,56.3,45.09
suny college oswego,13126,45.8,58.3,62.5,70.8,72.2,45.8,58.3,59.1
devry university ohio,44120,45.8,46.9,52.1,50,56.3,54.2,37.5,48.97
clarion university of pennsylvania,16214,45.8,75,59.7,76.4,70.8,58.3,65.3,64.47
philadelphia university,19144,45.8,59.4,64.6,75,75,60.4,58.3,62.64
university of south dakota,57069,45.8,65.6,68.8,87.5,68.8,70.8,64.6,67.41
texas a&m university corpus christi,78412,45.8,65.6,52.1,77.1,75,56.3,75,63.84
university of wisconsin stevens point,54481,45.8,68.8,64.6,81.3,75,62.5,62.5,65.79
baker college of auburn hills,48326,45.8,59.4,50,62.5,43.8,45.2,37.5,49.17
central michigan university,48859,45.7,73.9,76.8,73.2,67.4,60.1,69.6,66.67
sourn illinois university edwardsville,62026,45.5,59.1,63.3,75.8,69.7,56.1,66.7,62.31
ferris state university,49307,45.5,59.1,62.1,62.1,66.7,47,54.5,56.71
university of wisconsin whitewater,53190,45.5,61.4,63.6,62.1,65.2,48.5,68.2,59.21
marshall university,25755,45.4,66.7,68.5,75,65.7,55.6,69.4,63.76
john brown university,72704,45.2,60.7,69,83.3,76.2,59.5,73.8,66.81
lake forest college,60045,45.2,60.7,50,71.4,69,61.9,78.6,62.4
emerson college,02116,45.2,75,50,47.6,59.5,19,47.6,49.13
iona college,10598,45.2,64.3,52.4,47.6,64.3,47.6,59.5,54.41
long island university c w post campus,11548,45.2,71.4,,78.6,64.3,42.9,71.4,62.3
beloit college,53511,45.2,75,54.8,78.6,83.3,50,66.7,64.8
washington state university vancouver,98686,45.2,50,54.8,81,,45.2,69,57.53
california state university chico,95929,45.1,80.9,71.6,74.5,75.5,60.8,75.5,69.13
sourn connecticut state university,06515,44.9,42.3,52.6,52.6,39.7,39.7,44.4,45.17
louisiana tech university,71272,44.9,67.3,64.1,71.8,75.6,65.4,60.3,64.2
central washington university,98926,44.9,63.5,74.4,70.5,67.9,55.1,67.9,63.46
university of north florida,32224,44.8,75,62.5,66.7,64.6,49,66.7,61.33
murray state university,42071,44.4,70.8,54.2,83.3,69.4,52.8,70.8,63.67
university of scranton,18510,44.4,75,55.6,74.1,79.6,53.7,53.7,62.3
minnesota state unversity mankato,56001,44,64.3,75,66.7,59.5,47.6,63.1,60.03
university of north carolina wilmington,28403,44,69.6,58.3,60.7,75,54.8,64.3,60.96
barry university,33146,43.8,71.9,54.2,52.1,64.6,68.8,72.9,61.19
hampshire college,01002,43.8,68.8,56.3,79.2,77.1,45.8,56.3,61.04
delaware valley college,18901,43.8,65.6,70.8,83.3,66.7,62.5,77.1,67.11
david lipscomb university,37204,43.8,56.3,45.8,59.4,55.2,44.8,51,50.9
carthage college,53140,43.8,40.6,37.5,79.2,64.6,50,58.3,53.43
university of new mexico main campus,87131,43.6,46.2,60.3,53.8,55.1,44.9,61.5,52.2
wayne state university,48202,43.5,59.7,65.7,48.1,60.2,48.1,59.3,54.94
southwest missouri state university,65897,43.5,73.6,68.5,70.4,69.4,53.7,58.3,62.49
saint cloud state university,56301,43.3,62.5,71.7,65,75,61.7,53.3,61.79
millersville university of pennsylvania,17551,43.1,58.8,59.8,79.4,65.7,57.8,72.5,62.44
west chester university of pennsylvania,19383,43.1,58.3,51.4,58.3,61.1,40.3,61.1,53.37
connecticut college,06320,42.9,39.3,57.1,66.7,52.4,59.5,61.9,54.26
university of evansville,47722,42.9,50,54.8,83.3,59.5,45.2,64.3,57.14
suny college oneonta,13820,42.9,46.4,61.9,59.5,54.8,33.3,59.5,51.19
xavier university,45207,42.9,78.6,45.2,64.3,64.3,59.5,50,57.83
york college pennsylvania,17403,42.9,67.9,57.1,69,61.9,59.5,66.7,60.71
capella university,55402,42.9,53.6,61.9,61.9,52.4,64.3,45.2,54.6
biola university,90639,42.6,63.9,59.3,74.1,77.8,61.1,59.3,62.59
eastern kentucky university,40391,42.6,75,57.4,66.7,48.1,51.9,75.9,59.66
middle tennessee state university,40475,42.5,63.8,66.7,70.1,74.1,50.6,56.3,60.59
indiana state university,47809,42.4,64.8,60.6,69.7,62.9,54.5,58.3,59.03
albany state university,31705,42.3,51.9,62.8,55.1,39.7,42.3,47.4,48.79
new jersey institute of technology,07102,42.3,40.4,44.9,25.6,47.4,28.2,23.1,35.99
suny college new paltz,12561,42.3,65.4,65.4,70.5,62.8,41,64.1,58.79
baldwin wallace college,44101,42.3,53.6,43.6,79.5,66.7,55.1,62.8,57.66
university of memphis,38152,42.2,54.4,64.7,50,55.9,50,54.9,53.16
california state university san bernardino,92407,41.7,57.8,60.4,64.6,61.5,53.1,56.3,56.49
central connecticut state university,06010,41.7,52.5,53.3,63.3,60,41.7,43.3,50.83
columbia college chicago,60605,41.7,57.5,55,43.3,76.7,46.7,43.3,52.03
bridgewater state college,02325,41.7,55,61.7,71.7,58.3,45,58.3,55.96
linfield college,97128,41.7,56.3,35.4,72.9,75,56.3,70.8,58.34
utah valley state college,84043,41.7,60.4,54.2,86.1,72.2,62.5,62.5,62.8
christopher newport university,23606,41.7,60,56.7,73.3,70,46.7,68.3,59.53
norrn arizona university,86011,41.1,65.6,69.8,81.3,80.2,50,79.2,66.74
rhode island college,02908,40.9,61.4,45.5,63.6,57.6,53,43.9,52.27
austin peay state university,37130,40.9,63.6,56.1,66.7,66.7,60.6,66.7,60.19
shenandoah university,22601,40.9,75,60.6,65.2,69.7,65.2,75.8,64.63
palm beach atlantic university west palm beach,33401,40.7,66.7,51.9,66.7,68.5,42.6,57.4,56.36
rutgers university newark,07102,40.7,50,50,35.2,53.7,24.1,35.2,41.27
indiana university of pennsylvania main campus,15705,40.6,69.1,67.6,68.6,70.6,54.9,71.6,63.29
eastern michigan university,48197,40.6,56.5,61.6,32.6,65.9,41.3,50,49.79
florida institute of technology melbourne,32901,40.5,67.9,57.1,54.8,69,45.2,59.5,56.29
clayton college and state university,30260,40.5,53.6,69,76.2,35.7,35.7,73.8,54.93
kennesaw state university,30144,40.5,44.6,54.8,65.5,67.9,39.3,57.1,52.81
texas womans university,76204,40.5,67.9,54.8,73.8,61.9,35.7,69,57.66
goddard college,05673,40.5,82.1,42.9,88.1,78.6,73.8,85.7,70.24
georgia state university,30303,40.3,62.5,65.3,44.4,54.2,51.4,49.3,52.49
western kentucky university,42101,40,75,68.9,67.8,64.4,61.1,73.3,64.36
university of akron main campus,44325,40,60,65,54.2,60,50.8,54.2,54.89
wright state university main campus,45435,39.7,59.6,64.1,60.3,51.3,44.9,50,52.84
university of north carolina charlotte,28223,39.6,43.8,52.1,49,53.1,33.3,47.9,45.54
university of washington tacoma campus,98402,39.6,59.4,43.8,43.8,64.6,54.2,43.8,49.89
saginaw valley state university,48710,39.4,68.2,53,77.3,78.8,50,63.6,61.47
university of minnesota duluth,55812,39.4,59.1,71.2,74.2,59.1,33.3,63.6,57.13
suny albany,12222,39.4,58,61.4,59.8,46.2,40.9,36.4,48.87
wichita state university,67260,39.3,51.8,61.9,54.8,53.6,50,54.8,52.31
university of idaho,83844,38.9,71.7,74.4,73.3,57.1,53.3,67.8,62.36
portland state university,97201,38.5,62.5,55.2,56.3,59.4,53.1,56.3,54.47
johnson&wales university,02903,38.3,60,58.3,50,55,55,40,50.94
kaplan college,60661,38.3,67.5,55,70,68.3,56.7,43.3,57.01
university of montevallo,35115,38.1,71.4,42.9,64.3,61.9,57.1,64.3,57.14
american intercontinental university,30004,38.1,60.7,59.5,50,66.7,69,54.8,56.97
pacific union college,94515,38.1,67.9,59.5,71.4,64.3,31,61.9,56.3
jacksonville university,32211,38.1,57.1,40.5,52.4,76.2,38.1,61.9,52.04
nebraska wesleyan university,68504,38.1,57.1,50,76.2,73.8,42.9,64.3,57.49
sourn new hampshire university,03106,38.1,67.9,61.9,78.6,69,59.5,54.8,61.4
suny college cortland,13045,38.1,75,54.8,61.9,54.8,40.5,57.1,54.6
suny empire state college,11729,38.1,75,52.4,57.1,52.4,50,54.8,54.26
marietta college,45750,38.1,78.6,61.9,71.4,66.7,57.1,66.7,62.93
sourn oregon university,97520,38.1,78.6,66.7,76.2,85.7,57.1,71.4,67.69
sourn utah university,84720,38.1,57.1,59.5,71.4,73.8,52.4,59.5,58.83
western illinois university,61455,37.5,54.2,65.3,75,55.6,51.4,54.2,56.17
stonehill college,02357,37.5,68.8,56.3,77.1,64.6,56.3,60.4,60.14
montclair state university,07043,37.5,68.8,50,60.4,47.9,25,43.8,47.63
cuny hunter college,10065,37.5,34.4,43.8,37.5,39.6,12.5,25,32.9
union college,12180,37.5,53.1,62.5,68.8,56.3,58.3,62.5,57
university of houston downtown,77002,37.5,53.1,43.8,45.8,45.8,20.8,29.2,39.43
university of wisconsin green bay,54302,37.5,68.8,52.1,70.8,62.5,52.1,54.2,56.86
idaho state university,83725,37,63.9,61.1,64.8,59.3,55.6,50,55.96
rowan university,08028,36.7,50,56.7,58.3,58.3,50,51.7,51.67
radford university,24142,36.7,68.3,62.2,72.2,64.4,62.2,65.6,61.66
metropolitan state college of denver,80204,36.4,65.9,69.7,50,74.2,66.7,63.6,60.93
university of arkansas little rock,72204,35.7,67.9,40.5,45.2,50,47.6,52.4,48.47
azusa pacific university,91702,35.7,60.7,42.9,66.7,50,31,47.6,47.8
california state university fresno,93740,35.7,35.7,59.5,38.1,66.7,42.9,54.8,47.63
chicago state university,60628,35.7,42.9,45.2,69,64.3,57.1,47.6,51.69
delta state university,38701,35.7,64.3,59.5,61.9,69,38.1,61.9,55.77
william woods university,65251,35.7,64.3,45.2,73.8,76.2,59.5,69,60.53
methodist college,61614,35.7,67.9,50,71.4,69,47.6,61.9,57.64
hiram college,44234,35.7,75,50,85.7,71.4,47.6,66.7,61.73
norfolk state university,23504,35.7,75,35.7,61.9,57.1,57.1,54.8,53.9
walla walla college,99362,35.7,32.1,52.4,64.3,57.1,50,61.9,50.5
indiana institute of technology,46805,35.4,65.6,52.1,56.3,70.8,64.6,58.3,57.59
westfield state college,01086,35.4,65.6,58.3,58.3,75,50,58.3,57.27
winthrop university,29733,35.4,65.6,52.1,64.6,45.8,22.9,72.9,51.33
norrn kentucky university,41099,34.7,75,52.8,70.8,75,54.2,45.8,58.33
youngstown state university,44555,34.7,56.3,58.3,45.8,54.2,36.1,48.6,47.71
lamar university,77710,34.3,55.6,59.3,50.9,64.8,57.4,56.5,54.11
university of north alabama,35632,33.3,67.9,47.6,81,81,57.1,69,62.41
california state university bakersfield,93311,33.3,56.3,45.8,75,50,43.8,37.5,48.81
art institute of california san diego,92123,33.3,39.3,40.5,40.5,45.2,38.1,38.1,39.29
armstrong atlantic state university,31419,33.3,39.3,42.9,71.4,54.8,57.1,50,49.83
columbus state university,31907,33.3,53.6,61.9,83.3,83.3,47.6,52.4,59.34
university of massachusetts dartmouth,02747,33.3,35,46.7,45,58.3,43.3,20,40.23
missouri sourn state university,64801,33.3,62.5,54.2,64.6,68.8,54.2,58.3,56.56
souast missouri state university,63701,33.3,56.3,54.2,54.2,60.4,52.1,54.2,52.1
niagara university,14109,33.3,50,45.8,70.8,68.8,47.9,58.3,53.56
suny college plattsburgh,12901,33.3,70,55,66.7,55,33.3,58.3,53.09
dallas baptist university,75211,33.3,69.4,55.6,81.5,68.5,42.6,63,59.13
university of houston clear lake,77058,33.3,68.8,50,75,72.9,50,68.8,59.83
northland college,54880,33.3,71.4,35.7,73.8,61.9,40.5,66.7,54.76
eastern washington university,99003,32.5,60.5,66.7,70.2,62.3,45.6,58.8,56.66
university of louisiana lafayette,70504,31.8,54.5,59.1,65.2,56.1,48.5,54.5,52.81
university of south alabama,36688,31.7,57.5,48.3,66.7,61.7,55,45,52.27
mcdaniel college,21132,31.7,67.5,50,71.7,72.2,56.7,66.7,59.5
university of wisconsin parkside,53141,31.7,60,55,61.7,61.7,51.7,66.7,55.5
monmouth college,61462,31.5,69.4,51.9,77.8,64.8,27.8,68.5,55.96
norrn michigan university,49855,31.5,75,66.7,83.3,68.5,61.1,63,64.16
university of texas el paso,79968,31.5,55.6,55.6,75.9,57.4,38.9,59.3,53.46
new college of california,94110,31.3,50,37.5,60.4,50,56.3,47.9,47.63
spring arbor university,49283,31.3,43.8,39.6,85.4,75,58.3,54.2,55.37
norastern state university,74464,31.3,65.6,62.5,75,58.3,47.9,75,59.37
lebanon valley college,17042,31.3,50,54.2,75,77.1,58.3,72.9,59.83
grove city college,16127,31.1,61.7,46.7,84.4,63.3,47.8,74.4,58.49
emporia state university,66801,31,57.1,47.6,78.6,57.1,59.5,47.6,54.07
william paterson university of new jersey,07470,31,67.9,47.6,66.7,69,59.5,57.1,56.97
new mexico state university main campus,88003,31,66.1,54.8,54.8,57.1,42.9,64.3,53
ashland university,44805,31,67.9,61.9,83.3,76.2,57.1,66.7,63.44
lander university,29649,31,67.9,61.9,83.3,71.4,54.8,45.2,59.36
east tennessee state university,37614,31,35.7,54.8,61.9,50,35.7,61.9,47.29
tarleton state university,76401,30.8,73.8,63.3,78.3,78.3,60,55.8,62.9
central missouri state university,65301,30.6,79.2,72.2,70.8,58.3,51.4,69.4,61.7
university of sourn maine,04104,30,55,45,60,56.7,33.3,48.3,46.9
university of central arkansas,72034,29.6,55.6,68.5,79.6,66.7,51.9,70.4,60.33
university of colorado denver,80204,29.6,61.1,53.7,50,66.7,46.3,31.5,48.41
university of pittsburgh johnstown,15904,29.6,61.1,44.4,85.2,53.7,40.7,66.7,54.49
university of missouri kansas city,64110,29.5,46.2,50,38.5,51.3,29.5,42.3,41.04
minnesota state university moorhead,56563,29.2,71.9,45.8,79.2,62.5,54.2,52.1,56.41
lindenwood university,63301,29.2,43.8,37.5,60.4,60.4,41.7,62.5,47.93
suny college of technology canton,13617,29.2,71.9,60.4,70.8,75,56.3,66.7,61.47
la sierra university,92505,28.6,50,47.6,69,73.8,61.9,61.9,56.11
tennessee wesleyan college,37303,28.6,42.9,31,59.5,47.6,33.3,35.7,39.8
cleveland state university,44115,28.3,55,56.7,45,61.7,43.3,28.3,45.47
miami dade college,33132,27.8,50,46.3,40.7,51.9,48.1,55.6,45.77
morehead state university,40351,27.8,61.1,57.4,70.4,68.5,57.4,53.7,56.61
university of central oklahoma,73034,27.8,61.1,57.4,70.4,74.1,55.6,46.3,56.1
california state university san marcos,92096,27.8,69.4,66.7,85.4,75.9,70.4,61.1,65.24
california state university monterey bay,93955,27.8,66.7,46.3,55.6,75.9,40.7,48.1,51.59
university of hawaii hilo,96720,26.2,78.6,52.4,73.8,73.8,59.5,64.3,61.23
mcneese state university,70609,26.2,71.4,47.6,69,71.4,35.7,31,50.33
edinboro university of pennsylvania,16444,26.2,35.7,52.4,66.7,52.4,45.2,38.1,45.24
shepherd college,25401,26.2,46.4,42.9,54.8,47.6,35.7,45.2,42.69
california state university hayward,94542,25.8,45.5,47,57.6,56.1,33.3,45.5,44.4
norastern illinois university,60706,25.8,59.1,53,56.1,56.1,51.5,43.9,49.36
university of alaska anchorage,99508,25,58.3,56.9,59.7,69.4,37.5,56.9,51.96
university of baltimore,21201,25,31.3,41.7,33.3,39.6,37.5,27.1,33.64
north dakota state university main campus,58102,25,40.6,68.8,77.1,52.1,39.6,62.5,52.24
missouri western state college,64507,23.8,67.9,42.9,73.8,78.6,59.5,45.2,55.96
lake superior state university,49701,23.3,37.5,30,73.3,75,41.7,50,47.26
augusta state university,30904,22.9,50,58.3,66.7,54.2,56.3,62.5,52.99
university of sourn indiana,47712,22.9,56.3,58.3,58.3,77.1,47.9,54.2,53.57
kutztown university of pennsylvania,19530,21.4,75,66.7,76.2,64.3,61.9,61.9,61.06
liberty university,24515,21,40,36,82.5,54.2,28.3,37.5,42.79
western oregon university,97361,20.8,46.9,38.1,68.8,60.4,54.2,58.3,49.64
cuny college of staten island,10314,19.4,39.6,43.1,63.9,55.6,36.1,51.4,44.16
mansfield university of pennsylvania,16933,19,67.9,54.8,88.1,61.9,47.6,54.8,56.3
university of wisconsin platteville,53818,19,46.4,54.8,76.2,64.3,59.5,54.8,53.57
dean college,02067,18.9,35,35.6,56.7,68.9,43.3,37.8,42.31
eckerd college,33711,16.7,75,66.7,71.4,76.2,42.9,73.8,60.39
fort hays state university,67601,16.7,53.1,52.1,77.1,64.6,50,50,51.94
wilkes university,18766,16.7,42.9,33.3,54.8,50,38.1,40.5,39.47
longwood university,23901,16.7,68.8,58.3,64.6,52.1,41.7,60.4,51.8
city university,98105,16.7,68.8,41.7,56.3,58.3,35.4,47.9,46.44
bob jones university,29614,15,38.9,,,,,,26.95
vanguard university of sourn california,92683,14.3,57.1,52.4,64.3,64.3,50,61.9,52.04
ohio university zanesville branch,43701,11.9,53.6,28.6,76.2,71.4,52.4,45.2,48.47
trevecca nazarene university,37210,11.9,53.6,40.5,64.3,69,54.8,59.5,50.51
fitchburg state college,01420,11.1,19.4,24.1,25.9,31.5,24.1,35.2,24.47
oral roberts university,74171,11.1,29.5,42.4,70.8,56.9,30.6,45.5,40.97
westminster college,84105,,82.1,54.8,83.3,73.8,59.5,73.8,71.22
loyola university new orleans,70118,,75,45.2,57.1,64.3,,73.8,63.08
hamilton college,13323,,,,,,,83.3,83.3