school,overall satisfaction,campus setting,student housing,resources,safety,teacher support,school admin,prestige,student competitiveness,student intelligence,party scene,greek life,student attractiveness,average
williams college,87.5,93.8,82.2,84.4,93.8,94.0,72.6,94.1,69.0,95.6,47.6,1.2,47.6,74.11
vassar college,87.5,94.4,69.4,87.5,69.4,83.3,58.3,88.9,69.4,90.3,59.7,0.0,61.1,70.71
elon university,87.5,89.3,64.3,67.9,83.3,85.7,66.7,58.3,60.7,59.5,76.9,87.2,83.3,74.66
ohio university main campus,87.5,86.5,57.5,72.6,77.0,70.2,59.5,65.9,63.5,70.6,87.3,65.1,74.2,72.11
appalachian state university,86.9,84.9,52.4,73.0,76.2,76.2,67.5,63.5,60.8,68.3,76.2,54.8,72.2,70.22
yale university,86.3,86.6,75.3,88.3,66.1,74.7,68.8,96.8,76.7,91.4,70.6,45.7,70.4,76.75
stanford university,86.3,92.7,71.0,92.5,89.7,71.0,63.7,95.8,77.5,93.1,57.5,43.7,60.7,76.55
california polytechnic state university san luis obispo,85.9,70.3,45.7,71.7,80.4,82.6,57.2,81.2,73.9,79.0,65.2,50.7,76.1,70.76
university of notre dame,85.9,91.3,66.7,80.4,84.1,78.3,52.9,93.5,76.8,79.7,52.2,2.9,49.3,68.77
coastal carolina university,85.8,84.4,83.9,86.1,88.3,87.8,87.2,84.4,87.8,83.9,86.2,79.3,85.6,85.44
claremont mckenna college,85.7,52.4,73.8,73.8,78.6,71.4,69.0,76.2,76.2,83.3,,,,74.04
smith college,85.7,92.9,85.7,81.0,90.5,90.5,73.8,91.1,77.4,88.1,39.3,0.0,69.0,74.23
juniata college,85.4,84.7,65.3,68.1,88.9,83.3,69.4,65.3,76.4,81.9,83.3,9.1,53.0,70.32
vanderbilt university,85.0,90.8,71.7,85.8,82.5,84.2,65.0,91.7,84.2,89.5,85.0,82.5,87.5,83.49
bard college,84.8,82.8,70.0,82.8,87.1,88.3,80.9,79.4,69.5,84.3,77.6,7.5,72.7,74.44
dartmouth college,84.7,85.2,66.7,83.3,91.2,79.6,57.8,94.7,68.5,87.7,71.3,70.4,63.0,77.24
amherst college,84.6,81.9,58.3,71.8,80.8,83.3,56.9,89.7,68.1,86.1,56.9,6.9,50.0,67.33
carleton college,84.6,83.3,69.2,78.2,92.3,89.7,76.9,87.5,72.2,89.7,55.6,0.0,45.8,71.15
bryn mawr college,84.6,93.8,74.4,64.1,85.9,80.8,62.8,70.5,70.5,76.9,19.4,0.0,50.0,64.13
oklahoma state university,84.3,82.7,55.4,76.8,84.5,68.5,62.5,60.7,66.7,66.1,72.6,71.4,78.6,71.6
humboldt state university,84.2,90.4,54.4,66.7,78.9,81.6,53.5,48.2,47.4,64.0,73.7,19.3,55.3,62.89
wellesley college,84.1,92.4,71.2,75.8,89.4,80.3,68.2,90.9,83.3,86.4,39.4,4.5,74.2,72.32
fordham university,83.9,76.2,54.8,75.0,51.2,75.0,53.6,77.4,65.5,71.4,59.5,22.6,76.2,64.79
university of north carolina chapel hill,83.9,88.1,57.3,84.6,76.2,66.3,57.1,86.1,70.6,77.0,71.0,62.7,82.1,74.08
university of california berkeley,83.8,79.4,51.7,87.8,55.5,52.7,49.8,96.1,85.1,89.5,59.5,51.0,52.7,68.82
columbia university city of new york,83.7,74.1,51.3,77.2,68.5,59.3,50.6,95.7,80.2,85.2,57.7,32.7,63.6,67.68
reed college,83.3,80.0,57.1,81.1,85.6,90.0,72.2,81.1,72.2,90.0,63.3,1.1,55.6,70.2
massachusetts institute of technology,83.2,55.6,61.4,87.1,71.6,66.4,62.1,95.7,80.7,94.0,56.1,59.4,40.8,70.32
brown university,83.1,76.6,58.1,78.8,74.8,77.9,60.8,91.0,69.8,89.6,63.5,37.4,60.4,70.91
brigham young university,83.1,81.3,56.3,84.7,95.3,69.6,61.0,76.1,77.8,82.0,14.9,6.5,77.5,66.62
abilene christian university,82.7,64.1,46.2,65.4,70.5,71.8,56.4,69.2,62.8,64.1,30.6,41.7,80.6,62.01
gordon college,82.5,75.9,68.5,68.5,93.8,88.9,81.5,55.6,70.4,73.3,29.6,27.8,68.5,68.06
wittenberg university,82.5,75.9,59.3,70.4,79.6,85.0,66.7,59.3,57.4,70.4,53.7,59.3,61.1,67.74
cornell university,82.2,91.5,63.8,89.5,81.6,59.0,54.2,93.5,87.6,90.1,63.3,66.1,56.5,75.3
california baptist university,82.1,90.5,61.9,61.9,85.7,73.8,66.7,71.4,61.9,64.3,,,,72.02
harvey mudd college,82.1,50.0,64.3,81.0,85.7,91.7,79.8,77.4,79.8,94.4,72.6,0.0,35.7,68.81
westminster college,82.1,73.8,66.7,54.8,83.3,73.8,59.5,,47.6,59.5,,,,66.79
goddard college,82.1,85.7,38.1,42.9,88.1,78.6,73.8,40.5,54.8,64.3,,,,64.89
saint michaels college,82.1,61.9,50.0,59.5,88.1,83.3,69.0,47.6,52.4,59.5,,,,65.34
oregon state university,82.0,78.0,61.3,79.3,80.0,58.7,53.3,55.3,59.3,61.3,69.3,74.0,71.3,67.93
university of california santa barbara,81.9,87.5,57.9,74.1,64.8,59.7,54.2,73.6,53.7,70.4,90.7,50.5,85.5,69.58
east carolina university,81.9,72.2,55.6,76.9,69.4,71.3,62.0,61.1,57.4,65.7,83.3,64.8,76.5,69.08
college of holy cross,81.8,87.9,62.1,77.3,78.8,84.8,69.7,74.2,65.2,69.7,71.7,10.0,75.0,69.86
pennsylvania state university main campus,81.8,80.0,56.9,85.3,76.7,58.8,54.4,79.2,62.2,67.8,86.7,70.8,75.3,71.99
virginia polytechnic institute and state university,81.6,88.0,49.7,81.6,80.1,63.2,59.9,78.7,65.8,72.8,74.6,59.6,71.9,71.35
brigham young university idaho,81.3,75.0,58.3,77.1,93.8,87.5,83.3,57.3,69.8,72.9,16.7,5.2,76.0,65.71
harvard university,81.3,82.6,72.6,86.3,72.2,53.0,60.4,91.3,83.7,90.9,47.4,26.1,51.9,69.21
middlebury college,81.3,87.5,75.0,75.0,77.1,87.5,68.8,87.5,68.8,75.0,54.2,8.3,72.9,70.68
dickinson college,81.0,85.3,64.0,80.7,75.3,84.0,66.7,67.3,70.0,72.7,70.7,68.0,75.3,73.92
california state university chico,80.9,75.5,46.1,71.6,74.5,75.5,60.8,45.1,44.1,62.7,91.2,76.5,79.4,67.99
university of chicago,80.8,85.0,59.8,88.5,47.4,73.5,56.0,87.2,76.1,92.7,26.5,19.3,37.2,63.85
university of mary washington,80.8,91.0,52.6,67.9,88.5,82.1,59.0,60.3,60.3,66.7,35.9,3.8,56.4,61.95
quinnipiac university,80.6,84.2,67.6,77.8,67.5,74.1,54.6,68.5,57.4,67.5,81.3,24.0,73.1,67.55
university of texas austin,80.4,76.9,56.4,87.6,73.9,61.8,57.5,83.1,70.5,71.6,84.0,67.7,78.0,73.03
west virginia university,80.2,67.8,50.6,74.7,71.3,64.9,54.0,60.9,44.8,51.7,91.1,61.5,73.6,65.16
university of california davis,80.1,71.2,58.3,78.8,82.2,59.5,51.9,74.2,69.7,75.4,49.2,48.9,65.5,66.53
university of southern california,80.0,79.4,65.0,85.6,55.2,71.7,60.6,85.6,75.6,73.3,72.8,72.8,85.0,74.05
wesleyan university,80.0,71.7,61.7,81.7,74.1,83.3,63.3,76.7,61.7,85.0,58.3,28.3,53.3,67.62
auburn university,79.8,85.3,55.1,74.7,76.3,64.1,59.0,72.4,61.3,60.3,77.6,66.7,81.4,70.31
william&mary,79.6,91.4,58.0,75.9,80.9,80.9,58.6,87.7,80.9,85.2,35.2,59.9,43.2,70.57
university of south carolina,79.5,68.2,52.5,77.3,65.2,69.7,60.1,59.1,58.1,58.6,79.3,65.7,71.2,66.5
michigan state university,79.5,82.6,59.4,80.1,71.2,63.9,54.6,72.4,62.5,69.0,81.7,62.6,76.0,70.42
princeton university,79.3,90.6,59.4,91.3,92.0,77.5,72.0,92.8,87.0,92.4,60.9,29.0,59.8,75.69
central missouri state university,79.2,69.4,41.7,72.2,70.8,58.3,51.4,30.6,33.3,40.3,68.1,55.6,62.5,56.42
worcester polytechnic institute,78.8,74.4,52.6,80.8,71.8,79.5,57.7,74.4,75.6,87.2,60.3,62.8,28.2,68.01
saint louis university main campus,78.8,84.6,56.4,75.6,60.3,71.8,66.7,74.4,74.4,75.6,66.7,53.8,66.7,69.68
georgetown university,78.6,79.8,51.2,71.4,62.2,65.6,52.4,86.7,81.1,78.9,61.1,5.6,65.6,64.63
university of hawaii hilo,78.6,64.3,42.9,52.4,73.8,73.8,59.5,26.2,42.9,52.4,,,,56.68
university of kansas,78.6,86.1,57.1,79.8,76.6,63.9,50.0,73.0,56.4,60.2,79.7,66.7,74.2,69.41
st johns college,71.4,61.9,39.6,45.2,68.8,70.8,42.9,45.2,33.3,61.9,59.5,4.8,50.0,50.41
creighton university,78.6,61.9,47.6,54.8,64.3,59.5,45.2,54.8,61.9,71.4,,,,60.0
suny college purchase,78.6,38.1,52.4,57.1,85.7,88.1,40.5,59.5,52.4,57.1,66.7,0.0,71.4,57.51
marietta college,78.6,66.7,57.1,61.9,71.4,66.7,57.1,38.1,42.9,45.2,,,,58.57
xavier university,78.6,50.0,45.2,45.2,64.3,64.3,59.5,42.9,35.7,47.6,,,,53.33
southern oregon university,78.6,71.4,57.1,66.7,76.2,85.7,57.1,38.1,38.1,69.0,71.4,2.4,57.1,59.15
dakota state university,78.6,71.4,61.9,64.3,83.3,69.0,66.7,57.1,50.0,57.1,,,,65.94
california lutheran university,78.4,69.7,64.4,63.6,87.9,90.2,75.0,60.6,60.6,64.4,42.4,9.1,58.3,63.43
georgia institute of technology,78.4,60.4,50.0,80.6,61.5,52.0,57.7,88.9,81.8,87.6,42.2,56.8,38.6,64.35
university of michigan ann arbor,78.4,77.3,54.3,87.8,77.3,57.2,53.6,90.5,76.9,81.5,64.2,61.2,63.1,71.02
university of wisconsin madison,78.4,76.6,46.5,80.4,67.6,56.1,49.4,80.1,67.6,73.1,90.4,53.8,71.2,68.55
louisiana state university,78.3,79.4,44.4,72.2,67.2,62.8,51.1,70.6,57.2,63.3,92.2,69.0,77.2,68.07
suny college geneseo,78.3,75.6,55.6,66.7,80.0,74.4,58.9,72.2,75.6,73.3,70.0,62.2,67.8,70.05
university of virginia,78.2,88.5,60.7,81.2,73.1,67.1,62.0,90.2,75.6,84.2,77.4,74.4,75.2,75.98
university of washington seattle,78.2,82.1,48.3,81.0,69.9,61.8,53.9,74.6,67.3,70.9,60.9,59.7,68.8,67.49
lehigh university,78.1,83.3,59.4,75.0,65.6,71.9,52.1,76.0,66.7,72.9,86.5,81.3,74.0,72.52
university of florida,77.8,80.0,49.5,81.0,73.0,58.3,48.1,80.3,70.7,72.3,87.1,74.9,82.6,71.97
pomona college,77.8,64.8,59.3,77.8,70.4,74.1,74.1,80.0,70.4,81.7,40.7,14.8,59.3,65.02
macalester college,77.8,81.5,55.6,74.1,64.8,88.9,70.4,63.0,66.7,87.0,59.3,0.0,74.1,66.4
randolph macon college,77.8,68.5,48.1,53.7,66.7,75.9,46.3,50.0,44.4,50.0,72.9,77.1,75.0,62.03
hendrix college,77.5,87.9,68.2,80.3,87.9,83.3,69.7,56.1,63.6,74.2,63.3,5.0,68.3,68.1
united states naval academy,77.5,76.7,26.7,86.7,93.3,80.0,58.3,91.7,88.3,80.0,38.3,0.0,43.3,64.68
furman university,77.5,80.3,66.7,56.1,83.3,80.3,53.0,63.6,68.2,74.2,26.7,45.0,58.3,64.09
university of oklahoma norman,77.2,78.4,51.5,79.9,77.3,67.6,57.8,62.7,59.8,64.2,68.1,71.6,73.0,68.39
saint johns university,77.1,70.8,52.8,68.1,68.1,63.9,44.4,61.1,55.6,58.3,65.2,33.3,57.6,59.72
jacksonville state university,76.9,67.9,50.0,63.1,63.1,59.5,53.6,56.0,58.3,61.5,60.7,59.5,70.2,61.56
tulane university,76.9,80.8,50.6,69.9,57.1,71.8,53.2,83.3,55.8,71.2,91.7,60.3,69.9,68.65
whitman college,76.9,76.9,64.1,71.8,80.8,82.1,56.4,67.9,60.3,76.9,66.7,47.2,63.9,68.61
valparaiso university,76.8,72.6,42.9,73.8,85.7,86.9,73.8,73.8,71.4,67.9,46.4,58.3,56.0,68.18
colgate university,76.8,94.7,64.3,69.0,90.5,75.0,61.9,81.1,70.2,72.6,83.3,76.9,66.7,75.62
eastern illinois university,76.7,63.3,52.2,71.1,84.4,80.0,58.9,50.0,53.3,58.9,70.0,63.3,65.6,65.21
university of iowa,76.7,72.8,54.4,74.4,73.3,62.2,55.0,68.9,55.2,67.2,83.3,57.2,70.6,67.02
colorado state university fort collins,76.5,66.7,55.9,72.5,75.5,62.7,57.8,66.7,67.6,68.6,67.6,57.8,62.7,66.05
truman state university,76.5,67.6,53.9,61.8,77.5,74.5,57.8,60.8,69.6,71.6,66.7,66.7,66.7,67.05
university of georgia,76.4,80.0,55.7,82.8,61.9,60.0,51.9,69.0,60.3,63.3,83.8,80.5,82.4,69.85
ball state university,76.4,67.6,52.8,80.6,77.8,72.2,58.3,52.8,58.3,54.6,85.2,55.6,63.9,65.85
oberlin college,76.4,79.8,51.9,85.1,90.7,89.8,61.1,84.3,60.2,90.7,50.0,12.0,46.3,67.56
purdue university,76.4,69.7,55.8,78.2,77.1,61.3,60.4,87.6,70.6,74.8,60.6,69.2,62.5,69.55
pepperdine university,76.3,91.0,71.7,70.0,84.2,77.5,56.7,77.0,61.7,70.0,48.3,47.5,89.7,70.89
university of california los angeles,76.2,78.7,56.8,80.9,69.4,53.3,48.4,85.2,80.9,75.7,63.1,60.9,73.8,69.48
california institute of technology,76.0,75.3,62.0,76.7,84.0,57.3,58.0,91.3,70.7,90.7,38.0,11.3,36.0,63.64
rice university,76.0,83.3,67.3,79.3,79.3,84.0,65.3,86.7,77.3,90.7,60.0,2.0,43.3,68.81
florida state university,75.9,73.8,53.9,74.1,73.3,64.5,58.3,69.0,55.4,59.2,84.5,73.2,83.9,69.15
western washington university,75.9,84.5,57.1,73.2,71.4,69.6,51.2,57.7,53.6,64.9,61.9,7.7,70.2,61.45
university of illinois urbana champaign,75.7,70.8,52.6,85.9,68.8,55.3,52.1,84.0,73.2,75.7,72.1,74.5,66.9,69.82
indiana university bloomington,75.4,91.0,57.1,85.0,76.9,59.8,53.8,74.5,61.4,65.2,83.8,70.5,78.3,71.75
university of central florida,75.3,72.1,56.9,74.9,66.4,64.4,50.5,56.3,52.7,58.8,64.1,59.4,76.1,63.68
university of alaska fairbanks,75.0,59.1,42.4,71.2,87.9,71.2,54.5,59.1,53.0,66.7,71.2,27.3,48.5,60.55
saint marys college of california,75.0,76.2,50.0,50.0,57.1,52.4,61.9,59.5,47.6,40.5,,,,57.02
sonoma state university,75.0,78.9,80.0,77.8,85.6,83.3,56.7,51.1,57.8,60.0,53.3,35.6,63.1,66.02
colorado college,75.0,73.8,45.2,61.9,81.0,76.2,66.7,54.8,45.2,71.4,,,,65.12
university of northern colorado,75.0,70.0,53.7,72.2,73.3,68.3,53.3,51.7,55.0,55.0,55.0,42.6,65.0,60.78
university of delaware,75.0,82.2,56.3,76.4,70.1,66.7,56.9,62.1,55.7,59.8,78.7,57.1,79.8,67.45
eckerd college,75.0,73.8,42.9,66.7,71.4,76.2,42.9,16.7,19.0,35.7,,,,52.03
university of north florida,75.0,66.7,52.1,62.5,66.7,64.6,49.0,44.8,58.3,57.3,38.5,34.4,63.5,56.42
agnes scott college,75.0,90.5,76.2,54.8,88.1,76.2,52.4,59.5,50.0,69.0,,,,69.17
luther college,75.0,70.4,42.6,57.4,75.9,74.1,51.9,55.6,59.3,64.8,60.4,33.3,62.5,60.25
university of northern iowa,75.0,66.7,56.1,57.6,80.3,65.2,59.1,51.5,56.1,60.6,51.5,37.9,57.6,59.63
centre college,75.0,84.7,65.3,80.6,83.3,94.4,70.8,76.4,76.4,80.6,69.4,70.8,58.3,75.85
eastern kentucky university,75.0,75.9,33.3,57.4,66.7,48.1,51.9,42.6,44.4,46.3,76.2,62.5,64.6,57.3
northern kentucky university,75.0,45.8,40.3,52.8,70.8,75.0,54.2,34.7,45.8,55.6,30.3,43.9,51.5,51.98
western kentucky university,75.0,73.3,40.0,68.9,67.8,64.4,61.1,40.0,40.0,47.8,75.0,64.3,73.1,60.82
loyola university new orleans,75.0,73.8,45.2,45.2,57.1,64.3,,,61.9,61.9,,,,60.55
loyola college maryland,75.0,78.6,83.3,59.5,69.0,76.2,59.5,69.0,54.8,54.8,,,,67.97
babson college,75.0,76.4,65.3,66.7,81.9,72.2,62.5,66.7,75.0,69.4,39.4,40.9,47.0,64.49
emerson college,75.0,47.6,66.7,50.0,47.6,59.5,19.0,45.2,45.2,,,,,50.64
northeastern university,75.0,68.2,69.3,78.1,60.9,60.9,56.8,66.1,59.7,59.9,65.1,33.3,70.3,63.35
calvin college,75.0,63.0,53.7,68.5,77.8,77.8,61.1,59.3,63.0,57.4,33.3,0.0,66.7,58.2
northern michigan university,75.0,63.0,42.6,66.7,83.3,68.5,61.1,31.5,27.8,46.3,81.3,22.9,56.3,55.87
university of minnesota morris,75.0,38.1,23.8,45.2,88.1,83.3,54.8,54.8,47.6,66.7,,,,57.74
northwest missouri state university,75.0,77.3,48.5,75.8,65.2,75.8,66.7,51.5,57.6,62.1,68.2,60.6,66.7,65.46
washington university st louis,75.0,74.4,61.1,78.9,68.9,76.7,62.2,75.6,67.8,75.6,51.1,47.8,52.2,66.72
university of montana missoula,75.0,74.1,59.3,53.7,72.2,61.1,48.1,48.1,51.9,55.6,66.7,50.0,70.8,60.51
keene state college,75.0,64.6,50.0,64.6,81.3,64.6,60.4,52.1,43.8,45.8,64.3,69.0,73.8,62.25
clarkson university,75.0,51.9,48.1,61.1,87.0,83.3,55.6,53.7,59.3,70.4,55.6,68.5,24.1,61.05
suny college cortland,75.0,57.1,47.6,54.8,61.9,54.8,40.5,38.1,40.5,47.6,,,,51.79
suny empire state college,75.0,54.8,47.6,52.4,57.1,52.4,50.0,38.1,61.9,50.0,,,,53.93
united states military academy,75.0,87.5,31.3,83.3,94.4,92.6,60.4,88.9,72.9,75.0,14.6,0.0,50.0,63.53
north carolina a&t state university,75.0,75.0,68.3,76.7,61.7,73.3,73.3,73.3,66.7,68.3,53.7,64.8,68.5,69.12
wake forest university,75.0,80.3,53.0,77.3,80.3,80.3,66.7,75.8,68.2,75.8,45.5,66.7,80.3,71.17
jamestown college,75.0,50.0,45.8,43.8,52.1,52.1,47.9,52.1,35.4,47.9,,38.1,50.0,49.18
hiram college,75.0,66.7,50.0,50.0,85.7,71.4,47.6,35.7,40.5,52.4,,,,57.5
john carroll university,75.0,77.1,50.0,60.4,81.3,72.9,56.3,64.6,52.1,60.4,69.0,28.6,69.0,62.82
malone college,75.0,76.2,64.3,66.7,90.5,88.1,52.4,71.4,69.0,76.2,14.3,4.8,73.8,63.28
ohio state university,75.0,71.9,53.1,80.1,62.0,59.6,59.3,73.5,57.7,60.1,83.6,64.2,68.0,66.78
franciscan university of steubenville,75.0,69.0,47.6,57.1,85.7,76.2,64.3,50.0,61.9,66.7,,,,65.35
lewis&clark college,75.0,76.7,55.0,63.3,75.0,81.7,56.7,51.7,41.7,71.7,64.6,3.7,74.1,60.84
clarion university of pennsylvania,75.0,65.3,44.4,59.7,76.4,70.8,58.3,45.8,50.0,51.4,63.9,55.6,61.1,59.82
kutztown university of pennsylvania,75.0,61.9,38.1,66.7,76.2,64.3,61.9,21.4,28.6,42.9,,,,53.7
saint vincent college,75.0,81.0,57.1,35.7,66.7,66.7,,54.8,47.6,52.4,,,,59.67
university of scranton,75.0,53.7,53.7,55.6,74.1,79.6,53.7,44.4,46.3,63.0,79.2,0.0,52.1,56.18
susquehanna university,75.0,74.2,60.6,54.5,69.7,71.2,48.5,48.5,45.5,56.1,65.0,65.0,71.7,61.96
swarthmore college,75.0,88.5,61.1,76.9,88.5,89.7,71.8,86.9,76.4,91.0,38.5,17.9,36.9,69.16
christian brothers university,75.0,54.8,35.7,35.7,69.0,73.8,76.2,50.0,59.5,57.1,,,,58.68
texas christian university,75.0,79.5,70.5,62.8,70.5,71.8,66.7,70.5,64.1,67.9,73.6,90.3,87.2,73.11
trinity university,75.0,75.0,78.3,73.3,71.7,76.7,56.7,65.0,71.7,73.3,59.3,48.1,64.8,68.38
west texas a&m university,75.0,68.8,42.2,71.9,81.3,74.0,69.8,51.0,64.6,67.7,42.2,50.0,65.6,63.39
hampton university,75.0,66.7,46.3,59.3,70.4,64.8,42.6,64.8,46.3,59.3,52.1,41.7,77.1,58.95
norfolk state university,75.0,54.8,50.0,35.7,61.9,57.1,57.1,35.7,33.3,50.0,,,,51.06
shenandoah university,75.0,75.8,60.6,60.6,65.2,69.7,65.2,40.9,45.5,59.1,46.7,38.3,53.3,58.15
virginia military institute,75.0,52.1,18.8,47.9,85.4,66.7,43.8,72.9,58.3,58.3,38.1,7.1,33.3,50.59
gonzaga university,75.0,66.7,56.3,50.0,75.0,77.1,50.0,50.0,54.2,52.1,47.6,2.4,59.5,55.07
pacific lutheran university,75.0,66.7,50.0,54.5,60.6,81.8,57.6,51.5,53.0,66.7,36.7,0.0,66.7,55.45
whitworth college,75.0,72.2,51.9,59.3,77.8,81.5,57.4,53.7,63.0,77.8,31.3,16.7,60.4,59.85
beloit college,75.0,66.7,61.9,54.8,78.6,83.3,50.0,45.2,45.2,57.1,,,,61.78
university of wisconsin eau claire,75.0,72.7,56.1,66.7,75.8,74.2,68.2,51.5,60.6,66.7,62.1,25.8,59.1,62.65
university of wyoming,75.0,66.7,45.8,64.6,81.3,85.4,75.0,50.0,66.7,56.3,58.3,39.6,54.2,62.99
rochester institute of technology,74.1,49.1,47.3,78.3,77.0,68.8,50.6,74.1,66.7,73.5,39.9,41.1,35.1,59.66
california state university long beach,74.0,72.4,50.6,68.6,61.5,66.7,57.1,62.8,56.4,59.0,62.8,53.8,78.8,63.42
central michigan university,73.9,69.6,57.2,76.8,73.2,67.4,60.1,45.7,47.0,58.0,79.7,61.6,70.3,64.65
university of oregon,73.9,81.2,47.1,78.3,73.9,71.7,58.0,60.1,54.3,65.2,67.4,53.6,75.4,66.16
southern methodist university,73.9,83.3,59.8,80.2,73.5,79.5,57.6,77.0,62.7,65.2,84.8,83.3,87.0,74.45
brandeis university,73.8,63.3,56.7,80.0,85.8,80.0,52.5,78.3,74.2,80.0,36.8,22.8,45.0,63.78
tarleton state university,73.8,55.8,41.7,63.3,78.3,78.3,60.0,30.8,50.0,52.5,64.0,55.3,62.0,58.91
university of alabama,73.7,78.9,48.2,78.1,65.8,58.8,44.7,68.4,47.4,53.5,88.0,88.0,78.9,67.11
kansas state university,73.7,74.6,49.1,71.9,71.1,73.7,65.8,63.2,57.0,71.1,70.2,61.4,65.8,66.82
southwest missouri state university,73.6,58.3,38.0,68.5,70.4,69.4,53.7,43.5,40.7,52.8,67.6,70.6,68.6,59.67
university of toledo,73.6,76.9,58.3,69.4,62.0,62.0,46.3,48.1,50.9,55.6,53.7,54.6,66.7,59.85
missouri university of science and technology,73.5,48.0,40.2,66.7,75.5,73.5,60.8,73.5,73.1,74.1,43.1,51.0,27.5,60.04
texas a&m university college station,73.5,71.3,56.0,77.0,83.0,63.7,59.7,77.0,64.0,70.7,66.7,42.3,70.3,67.32
villanova university,73.2,83.3,70.5,82.1,80.8,73.1,64.1,80.8,76.9,82.1,78.2,46.2,87.8,75.32
texas state university,73.2,71.4,53.6,64.3,67.9,70.2,54.8,52.4,44.0,57.1,79.8,65.5,71.4,63.51
troy state university main campus,73.1,56.4,42.3,65.4,73.1,66.7,59.0,53.8,48.7,56.4,57.7,70.5,66.7,60.75
university of colorado boulder,73.1,90.6,56.4,79.5,67.1,58.5,52.1,64.1,56.4,61.5,88.0,54.8,83.3,68.11
university of pennsylvania,73.1,76.7,53.3,85.3,49.3,66.0,62.0,93.3,87.3,84.7,68.7,59.3,65.3,71.1
university of california santa cruz,72.8,90.6,54.3,69.6,67.4,69.6,44.2,47.1,36.2,61.4,71.7,23.2,58.7,58.98
clemson university,72.7,79.5,57.6,74.2,78.8,71.2,58.3,72.7,71.2,68.2,72.7,66.7,76.5,70.79
university of pittsburgh,72.7,61.1,50.6,79.9,57.1,61.0,52.2,67.3,55.9,62.0,67.0,59.6,66.4,62.52
iowa state university,72.6,76.8,45.9,72.1,80.9,56.1,52.4,65.0,57.3,64.2,59.4,63.8,58.5,63.46
grinnell college,72.5,70.0,55.0,66.7,85.0,81.7,55.0,55.0,61.1,76.7,48.1,0.0,46.3,59.47
university of dayton,72.5,65.0,58.3,62.5,65.0,75.0,65.8,56.7,47.5,58.3,87.7,50.0,66.7,63.92
new york university,72.3,65.5,63.7,76.2,62.8,59.4,42.6,85.4,76.2,74.7,67.9,25.5,67.0,64.55
washington state university,72.3,72.0,58.9,79.8,76.2,69.6,59.5,61.7,53.2,55.4,85.7,63.7,82.1,68.47
olivet nazarene university,72.2,66.7,40.7,57.4,77.8,75.9,63.0,55.6,59.3,61.1,0.0,0.0,58.3,52.92
hope college,72.2,66.7,59.3,66.7,72.9,75.9,72.2,55.6,55.6,61.1,62.5,64.6,79.2,66.5
monmouth university,72.2,72.2,59.3,46.3,59.3,63.0,59.3,50.0,50.0,61.1,72.9,54.2,81.0,61.6
new mexico institute of mining and technology,72.2,63.0,42.6,64.8,79.6,74.1,61.1,50.0,59.3,72.2,33.3,0.0,31.3,54.12
texas tech university,72.2,68.5,49.1,73.1,69.4,61.1,42.6,51.9,45.4,50.0,77.8,64.8,79.6,61.96
cuny city college of new york,72.2,57.4,45.8,61.1,57.4,66.7,44.4,64.8,53.7,61.1,35.4,29.2,66.7,55.07
university of alabama huntsville,71.9,60.4,58.3,60.4,79.2,64.6,54.2,56.3,64.6,64.6,59.5,57.1,66.7,62.91
harding university,71.9,77.1,66.7,68.8,81.3,91.7,75.0,62.5,58.3,61.1,35.4,47.9,72.9,66.97
barry university,71.9,72.9,27.1,54.2,52.1,64.6,68.8,43.8,37.5,43.8,11.9,11.9,52.4,47.15
wentworth institute of technology,71.9,50.0,47.9,58.3,56.3,64.6,52.1,52.1,47.9,56.3,,4.8,54.8,51.42
minnesota state university moorhead,71.9,52.1,33.3,45.8,79.2,62.5,54.2,29.2,35.4,35.4,64.3,21.4,50.0,48.82
rider university,71.9,60.4,58.3,68.8,72.9,62.5,60.4,62.5,58.3,66.7,59.5,54.8,69.0,63.54
rensselaer polytechnic institute,71.9,56.3,56.3,77.1,72.2,68.1,56.3,81.3,74.6,88.9,40.3,58.3,34.7,64.33
suny college of technology canton,71.9,66.7,47.9,60.4,70.8,75.0,56.3,29.2,41.7,47.9,33.3,45.2,40.5,52.83
university of south carolina aiken,71.9,62.5,62.5,56.3,83.3,79.2,77.1,58.3,50.0,47.9,42.9,42.9,59.5,61.1
seattle university,71.9,58.3,41.7,60.4,60.4,64.6,58.3,68.8,50.0,64.6,50.0,4.8,69.0,55.6
university of wisconsin la crosse,71.9,60.4,50.0,60.4,70.8,62.5,60.4,50.0,47.9,60.4,73.8,40.5,66.7,59.67
northwestern university,71.8,75.6,53.4,69.7,59.8,62.4,47.4,82.5,76.9,78.2,38.9,59.8,53.8,63.86
michigan technological university,71.8,78.6,47.9,72.4,92.2,64.1,55.7,72.4,69.8,77.1,68.2,57.0,45.3,67.12
university of arizona,71.7,71.5,50.4,82.0,68.9,64.0,49.1,61.8,53.6,58.8,71.1,61.8,84.6,65.33
university of idaho,71.7,67.8,47.8,74.4,73.3,57.1,53.3,38.9,41.1,51.1,74.4,65.6,61.1,59.82
university of montevallo,71.4,64.3,47.6,42.9,64.3,61.9,57.1,38.1,42.9,54.8,,,,54.53
university of san diego,71.4,81.0,66.7,69.0,71.4,66.7,64.3,73.8,61.9,69.0,,,,69.52
keiser college,71.4,38.1,28.6,47.6,78.6,73.8,59.5,47.6,54.8,57.1,,,,55.71
mcneese state university,71.4,31.0,45.2,47.6,69.0,71.4,35.7,26.2,26.2,33.3,,,,45.7
long island university c w post campus,71.4,71.4,50.0,,78.6,64.3,42.9,45.2,33.3,59.5,,,,57.4
manhattan university,71.4,61.9,50.0,54.8,64.3,71.4,52.4,54.8,54.8,57.1,,,,59.29
marist college,71.4,69.0,61.9,59.5,76.2,61.9,47.6,57.1,47.6,66.7,,,,61.89
duke university,71.4,82.7,59.9,87.8,58.0,66.7,55.1,89.5,73.2,82.7,67.9,64.2,66.1,71.17
guilford college,71.4,64.3,45.2,54.8,47.6,69.0,42.9,50.0,54.8,50.0,,,,55.0
oklahoma baptist university,71.4,57.1,50.0,40.5,57.1,78.6,42.9,57.1,61.9,71.4,,,,58.8
south dakota school of mines and technology,71.4,59.5,45.2,52.4,78.6,69.0,50.0,71.4,64.3,76.2,,,,63.8
university of richmond,71.4,90.5,61.9,69.0,81.0,69.0,59.5,54.8,54.8,52.4,,,,66.43
northland college,71.4,66.7,47.6,35.7,73.8,61.9,40.5,33.3,28.6,52.4,,,,51.19
carnegie mellon university,71.2,62.3,53.7,78.1,74.4,69.2,49.6,92.2,89.9,87.3,45.7,49.6,40.1,66.41
rose hulman institute of technology,71.2,69.2,64.1,75.6,89.7,84.6,70.5,85.9,64.1,84.6,47.2,72.2,26.4,69.64
university of utah,71.2,73.7,59.0,79.5,73.7,65.4,57.1,63.5,59.0,62.8,37.8,34.6,73.7,62.38
university of west florida,70.8,77.8,51.4,72.2,86.1,76.4,59.7,50.0,61.1,65.3,43.1,56.9,69.4,64.63
berea college,70.8,68.1,47.2,62.5,76.4,83.3,56.9,80.6,58.3,59.7,30.3,0.0,51.5,57.35
murray state university,70.8,70.8,48.6,54.2,83.3,69.4,52.8,44.4,45.8,48.6,65.2,57.6,66.7,59.86
baylor university,70.8,80.6,52.8,71.3,71.3,73.1,56.5,71.3,66.7,73.1,38.0,51.9,76.9,65.72
miami university,70.7,91.4,60.9,76.4,71.8,70.1,54.8,78.2,70.1,73.0,76.4,78.7,86.1,73.74
alabama a&m university,70.5,50.0,57.6,60.6,62.1,63.6,50.0,48.5,50.0,47.0,75.0,70.0,66.7,59.35
duquesne university,70.5,63.6,42.4,50.0,54.5,60.6,45.5,59.1,62.1,59.1,53.3,50.0,65.0,56.59
evergreen state college,70.5,72.7,59.1,56.1,75.8,81.8,47.0,50.0,34.8,65.2,65.0,0.0,35.0,54.85
marquette university,70.5,57.6,50.0,65.2,62.1,62.1,56.1,65.2,63.6,60.6,70.0,55.0,61.7,61.52
rutgers university,70.3,60.5,54.0,77.3,53.4,54.0,45.1,72.0,64.4,67.8,77.4,66.4,66.7,63.79
california state polytechnic university pomona,70.3,61.5,36.5,68.8,62.5,70.8,53.1,55.2,55.2,58.3,42.7,38.5,50.0,55.65
sam houston state university,70.3,70.8,50.0,69.8,66.7,72.9,60.4,51.0,47.9,58.3,62.5,60.4,63.5,61.88
university of california irvine,70.0,73.3,62.8,73.3,80.6,62.8,51.7,65.0,72.2,70.0,35.6,45.0,60.6,63.3
university of new hampshire,70.0,81.1,61.1,68.9,81.1,74.4,67.8,58.9,50.0,55.6,81.1,62.2,66.7,67.61
suny college plattsburgh,70.0,58.3,55.0,55.0,66.7,55.0,33.3,33.3,33.3,46.7,83.3,68.5,59.3,55.21
messiah college,70.0,78.0,63.9,66.7,90.7,82.0,60.0,54.7,57.3,62.7,20.0,0.7,62.5,59.17
university of missouri columbia,69.9,73.0,53.4,72.5,70.6,57.4,40.7,62.7,60.8,63.2,71.1,72.1,72.1,64.58
arizona state university tempe,69.8,68.6,47.4,74.5,64.2,59.7,49.1,57.9,48.1,50.6,89.7,68.6,86.7,64.22
tufts university,69.7,71.9,54.4,71.9,78.1,73.7,57.0,77.2,68.4,77.2,53.5,42.1,48.2,64.87
ithaca college,69.6,70.2,47.6,57.1,77.4,72.6,48.8,52.4,52.4,60.7,65.5,14.3,67.9,58.19
university of north carolina wilmington,69.6,64.3,44.0,58.3,60.7,75.0,54.8,44.0,41.7,46.4,71.8,37.2,82.1,57.68
franklin and marshall college,69.6,70.2,46.2,69.0,73.8,82.1,70.2,65.5,73.8,69.0,51.3,60.3,57.7,66.05
university of minnesota twin cities,69.6,73.6,52.5,84.8,64.5,52.2,47.5,70.7,64.5,69.6,61.1,54.3,74.3,64.55
florida southern college,69.4,79.6,54.2,75.9,72.2,81.5,58.3,57.4,63.0,64.8,61.1,57.4,63.0,65.98
monmouth college,69.4,68.5,55.6,51.9,77.8,64.8,27.8,31.5,42.6,48.1,62.5,56.3,64.3,55.47
hofstra university,69.4,73.1,54.6,75.0,70.4,70.4,47.2,52.8,51.9,62.0,60.2,62.0,76.9,63.53
lafayette college,69.4,81.5,53.7,75.9,70.4,87.0,70.4,63.0,53.7,64.8,75.0,87.5,72.9,71.17
dallas baptist university,69.4,63.0,66.7,55.6,81.5,68.5,42.6,33.3,35.2,46.3,18.8,16.7,64.6,50.94
california state university san marcos,69.4,61.1,42.6,66.7,85.4,75.9,70.4,27.8,53.7,59.3,27.1,27.1,81.3,57.52
university of north texas,69.4,64.5,50.0,74.2,66.7,68.8,54.8,54.8,56.5,56.5,61.3,54.3,63.4,61.17
boston college,69.2,77.6,58.3,76.3,81.4,66.0,57.1,78.7,64.1,65.4,63.5,12.8,75.0,65.03
indiana university of pennsylvania main campus,69.1,71.6,47.1,67.6,68.6,70.6,54.9,40.6,41.2,55.9,85.3,68.6,66.7,62.14
james madison university,69.1,78.4,61.8,70.6,73.5,68.6,58.8,63.7,52.9,58.8,86.1,49.0,78.7,66.92
florida international university,69.0,74.0,60.0,77.3,69.3,68.7,58.0,65.3,66.0,65.3,69.3,54.0,81.3,67.5
university of tennessee knoxville,68.9,62.1,47.0,74.7,61.6,55.1,41.4,63.6,49.0,59.1,84.8,71.7,78.8,62.91
american university,68.8,64.2,45.8,60.8,77.5,65.0,50.8,67.5,62.5,63.3,45.8,24.6,60.5,58.24
university of miami,68.8,80.2,46.9,65.6,60.4,62.5,56.3,68.8,55.2,59.4,78.9,57.8,84.4,65.02
illinois wesleyan university,68.8,64.6,37.5,52.1,75.0,75.0,64.6,54.2,54.2,62.5,42.9,64.3,59.5,59.63
taylor university upland,68.8,62.5,47.9,54.2,81.3,66.7,58.3,60.4,54.2,64.6,31.0,4.8,57.1,54.75
hampshire college,68.8,56.3,47.9,56.3,79.2,77.1,45.8,43.8,54.2,66.7,59.5,11.9,59.5,55.92
stonehill college,68.8,60.4,31.3,56.3,77.1,64.6,56.3,37.5,56.3,50.0,66.7,7.1,52.4,52.68
gustavus adolphus college,68.8,76.4,63.9,65.3,81.9,81.9,48.6,56.9,50.0,63.9,77.3,47.0,78.8,66.21
montclair state university,68.8,43.8,37.5,50.0,60.4,47.9,25.0,37.5,41.7,35.4,47.6,47.6,54.8,46.0
roberts wesleyan college,68.8,62.5,45.8,56.3,75.0,77.1,62.5,47.9,50.0,47.9,19.0,0.0,52.4,51.17
pacific university,68.8,75.0,50.0,58.3,81.3,59.5,50.0,50.0,52.1,54.2,47.6,,57.1,58.66
belmont university,68.8,66.7,31.3,58.3,68.8,70.8,47.9,54.2,47.9,54.2,54.8,52.4,71.4,57.5
university of houston clear lake,68.8,68.8,18.8,50.0,75.0,72.9,50.0,33.3,58.3,56.3,16.7,4.8,50.0,47.98
longwood university,68.8,60.4,35.4,58.3,64.6,52.1,41.7,16.7,33.3,45.8,81.0,81.0,61.9,53.92
city university,68.8,47.9,25.0,41.7,56.3,58.3,35.4,16.7,33.3,43.8,14.3,7.1,52.4,38.54
university of wisconsin green bay,68.8,54.2,60.4,52.1,70.8,62.5,52.1,37.5,45.2,45.8,38.1,19.0,59.5,51.23
university of wisconsin stevens point,68.8,62.5,54.2,64.6,81.3,75.0,62.5,45.8,57.3,60.4,70.8,36.5,61.5,61.63
kent state university main campus,68.6,69.5,51.1,70.6,70.9,65.6,59.2,56.7,53.9,55.3,72.3,57.1,64.5,62.72
southern illinois university carbondale,68.5,71.7,52.2,63.8,64.5,65.2,55.3,51.5,40.6,54.3,81.9,48.6,68.1,60.48
university of maryland college park,68.5,77.5,51.1,79.7,46.0,60.9,48.2,71.0,62.0,59.1,70.7,66.3,67.4,63.72
university of massachusetts amherst,68.5,60.1,42.6,67.8,59.3,50.8,38.5,62.0,46.0,56.0,82.5,54.0,58.7,57.45
university of mississippi,68.3,83.3,38.9,70.0,80.0,61.1,51.1,54.8,44.4,56.7,80.0,80.0,85.6,65.71
university of north dakota,68.3,63.3,50.0,74.4,76.7,62.2,47.8,57.8,54.8,57.8,64.4,65.6,66.7,62.29
radford university,68.3,65.6,51.1,62.2,72.2,64.4,62.2,36.7,42.2,48.9,79.8,59.5,70.2,60.25
saginaw valley state university,68.2,63.6,59.1,53.0,77.3,78.8,50.0,39.4,36.4,43.9,45.0,38.3,55.0,54.46
college of charleston,68.2,83.3,41.7,61.7,58.3,73.3,61.7,47.0,47.0,57.6,72.7,48.5,81.8,61.75
depaul university,68.1,64.8,62.0,71.3,61.1,70.4,55.6,71.3,62.0,69.4,35.2,25.9,58.3,59.65
north carolina state university raleigh,68.1,57.9,48.6,77.3,68.5,66.7,60.6,70.8,62.9,69.9,53.2,45.8,63.0,62.56
university of north alabama,67.9,69.0,50.0,47.6,81.0,81.0,57.1,33.3,52.4,45.2,,,,58.45
university of arkansas little rock,67.9,52.4,26.2,40.5,45.2,50.0,47.6,35.7,33.3,45.2,,,,44.4
pacific union college,67.9,61.9,45.2,59.5,71.4,64.3,31.0,38.1,45.2,57.1,,,,54.16
florida institute of technology melbourne,67.9,59.5,52.4,57.1,54.8,69.0,45.2,40.5,57.1,57.1,,,,56.06
bentley university,67.9,78.6,52.4,61.9,69.0,73.8,61.9,71.4,69.0,66.7,,,,67.26
missouri western state college,67.9,45.2,45.2,42.9,73.8,78.6,59.5,23.8,40.5,28.6,,,,50.6
montana state university bozeman,67.9,61.9,43.6,67.9,86.9,79.5,70.2,46.2,60.7,59.5,70.2,47.4,58.3,63.09
southern new hampshire university,67.9,54.8,42.9,61.9,78.6,69.0,59.5,38.1,33.3,47.6,,,,55.36
william paterson university of new jersey,67.9,57.1,38.1,47.6,66.7,69.0,59.5,31.0,45.2,52.4,,,,53.45
syracuse university,67.9,67.2,55.7,69.5,58.9,64.3,50.0,70.8,56.0,58.3,69.9,67.9,65.5,63.22
methodist college,67.9,61.9,54.8,50.0,71.4,69.0,47.6,35.7,38.1,45.2,,,,54.16
ashland university,67.9,66.7,45.2,61.9,83.3,76.2,57.1,31.0,42.9,42.9,,,,57.51
mansfield university of pennsylvania,67.9,54.8,40.5,54.8,88.1,61.9,47.6,19.0,38.1,45.2,,,,51.79
york college pennsylvania,67.9,66.7,21.4,57.1,69.0,61.9,59.5,42.9,45.2,40.5,,,,53.21
lander university,67.9,45.2,35.7,61.9,83.3,71.4,54.8,31.0,50.0,66.7,,,,56.79
tennessee technological university,67.9,78.6,31.0,69.0,78.6,83.3,54.8,52.4,54.8,64.3,,,,63.47
texas womans university,67.9,69.0,35.7,54.8,73.8,61.9,35.7,40.5,47.6,52.4,,,,53.93
lawrence university,67.9,73.8,54.8,69.0,92.9,90.5,64.3,65.5,70.2,76.2,58.3,42.9,60.7,68.23
mcdaniel college,67.5,66.7,45.0,50.0,71.7,72.2,56.7,31.7,35.0,48.3,64.6,59.3,61.1,56.14
davenport university grand rapids campus,67.5,55.0,40.0,56.7,66.7,68.3,63.0,56.7,53.3,65.0,14.8,9.3,48.1,51.11
mary baldwin college,67.5,70.0,56.7,51.7,75.0,61.7,55.0,68.3,41.7,56.7,51.9,24.1,51.9,56.32
kaplan college,67.5,43.3,50.0,55.0,70.0,68.3,56.7,38.3,51.7,53.3,48.1,33.3,55.6,53.16
case western reserve university,67.4,54.3,53.6,75.4,45.7,75.4,42.8,71.7,79.7,86.4,21.0,43.5,34.1,57.77
university of kentucky,67.3,71.2,48.1,69.9,61.5,55.8,48.1,59.0,52.6,58.3,71.2,66.0,76.3,61.95
louisiana tech university,67.3,60.3,50.0,64.1,71.8,75.6,65.4,44.9,53.8,69.2,58.3,52.8,66.7,61.55
mississippi state university,67.3,70.5,60.3,67.9,71.8,66.7,60.3,59.0,51.3,57.7,74.4,71.8,83.3,66.33
california state university fullerton,67.1,64.0,50.9,62.3,66.7,65.8,52.6,52.6,54.4,58.8,64.9,54.4,70.2,60.36
university of south florida,67.1,64.8,46.8,64.0,63.2,60.3,52.4,51.6,56.4,57.9,61.3,49.7,70.2,58.9
boston university,67.0,58.9,56.3,77.8,68.5,61.5,52.2,73.3,64.8,62.2,66.7,38.1,71.5,62.98
university of california san diego,66.7,79.9,59.6,79.5,78.1,50.7,45.4,75.3,79.2,76.0,23.6,30.6,48.6,61.02
san jose state university,66.7,65.1,67.5,81.0,68.3,73.0,41.3,57.9,57.1,54.0,58.7,60.3,60.3,62.4
united states air force academy,66.7,70.8,40.3,69.4,95.8,87.5,59.7,86.1,83.3,77.8,28.8,0.0,34.8,61.62
university of connecticut,66.7,69.4,52.8,73.3,61.7,53.9,43.9,68.3,61.1,62.8,73.3,58.9,65.6,62.44
palm beach atlantic university west palm beach,66.7,57.4,53.7,51.9,66.7,68.5,42.6,40.7,46.3,50.0,41.7,14.6,64.6,51.18
rollins college,66.7,81.5,55.6,61.1,81.5,74.1,64.8,68.5,40.7,53.7,68.8,54.2,85.4,65.89
boise state university,66.7,64.8,53.7,64.8,75.9,69.4,50.9,61.1,49.1,52.8,54.9,25.9,59.3,57.64
earlham college,66.7,66.7,50.0,55.6,81.5,87.0,51.9,59.3,48.1,70.8,41.7,0.0,60.4,56.9
university of maryland global campus,66.7,57.8,53.3,61.1,67.8,64.4,61.1,53.3,61.1,66.7,35.6,35.6,47.8,56.33
marshall university,66.7,69.4,43.5,68.5,75.0,65.7,55.6,45.4,45.4,53.7,72.2,65.7,67.6,61.11
california state university monterey bay,66.7,48.1,57.4,46.3,55.6,75.9,40.7,27.8,40.7,42.6,47.9,29.2,58.3,49.02
university of wisconsin milwaukee,66.3,61.6,52.9,75.4,71.7,55.1,54.3,52.2,50.8,57.2,56.5,40.6,57.2,57.83
emory university,66.2,77.5,62.5,85.3,83.3,72.9,62.5,84.3,74.0,80.4,55.2,54.9,64.7,71.05
bowdoin college,66.1,79.8,92.9,79.8,85.7,78.6,81.0,46.4,73.8,64.3,39.3,2.4,38.1,63.71
towson university,66.1,65.5,48.7,69.0,53.6,70.2,63.1,54.8,59.5,66.7,61.9,54.8,76.2,62.32
new mexico state university main campus,66.1,64.3,44.0,54.8,54.8,57.1,42.9,31.0,45.2,58.3,70.5,56.4,60.3,54.28
san diego state university,65.9,69.7,46.2,75.0,60.6,65.2,52.3,53.8,53.8,50.8,87.1,74.2,84.1,64.52
metropolitan state college of denver,65.9,63.6,34.8,69.7,50.0,74.2,66.7,36.4,62.1,74.2,43.9,21.2,68.2,56.22
bowling green state university main campus,65.8,55.3,51.8,69.3,75.4,69.3,59.6,49.1,47.4,50.9,86.1,68.4,73.7,63.24
northern arizona university,65.6,79.2,53.1,69.8,81.3,80.2,50.0,41.1,50.0,54.4,60.0,46.9,58.3,60.76
university of california riverside,65.6,60.4,46.9,67.7,55.2,59.4,56.3,53.1,58.3,58.3,60.4,54.2,58.3,58.01
national university,65.6,70.8,41.7,72.9,79.2,70.8,68.8,64.6,56.3,72.9,10.4,16.7,58.3,57.62
northern illinois university,65.6,60.4,49.3,62.5,57.6,66.0,54.2,53.5,52.8,52.2,68.1,59.0,59.0,58.48
indiana institute of technology,65.6,58.3,64.6,52.1,56.3,70.8,64.6,35.4,41.7,50.0,33.3,47.6,45.2,52.73
westfield state college,65.6,58.3,45.8,58.3,58.3,75.0,50.0,35.4,43.8,52.1,69.0,14.3,59.5,52.72
university of rochester,65.6,67.7,51.0,69.8,52.1,63.5,43.8,67.7,64.6,69.6,51.1,41.7,55.2,58.72
northeastern state university,65.6,75.0,41.7,62.5,75.0,58.3,47.9,31.3,41.7,52.1,66.7,76.2,66.7,58.52
delaware valley college,65.6,77.1,62.5,70.8,83.3,66.7,62.5,43.8,43.8,52.1,73.8,54.8,64.3,63.16
winthrop university,65.6,72.9,31.3,52.1,64.6,45.8,22.9,35.4,39.6,41.7,47.6,61.9,59.5,49.3
university of south dakota,65.6,64.6,31.3,68.8,87.5,68.8,70.8,45.8,56.3,68.8,76.2,64.3,69.0,64.45
texas a&m university corpus christi,65.6,75.0,37.5,52.1,77.1,75.0,56.3,45.8,43.8,43.8,38.1,28.6,71.4,54.62
university of alabama birmingham,65.5,50.8,50.0,77.8,55.6,55.6,51.6,64.3,69.8,66.7,52.4,38.1,57.9,58.16
san francisco state university,65.5,63.5,38.1,62.7,65.1,64.3,34.1,48.4,48.3,61.9,43.7,36.5,54.8,52.84
university of texas arlington,65.4,64.7,54.4,74.0,69.6,70.1,55.4,48.5,56.4,56.4,41.2,46.6,56.1,58.37
university of nevada las vegas,65.4,53.8,39.7,70.5,55.1,67.9,50.0,47.4,48.7,47.4,73.1,39.7,64.1,55.6
suny college buffalo,65.4,51.3,34.6,66.7,56.4,57.7,47.4,55.1,61.5,57.7,69.2,59.0,48.7,56.21
suny college new paltz,65.4,64.1,47.4,65.4,70.5,62.8,41.0,42.3,43.6,51.3,69.2,43.6,60.3,55.92
utah state university,65.4,67.9,47.4,69.2,83.3,67.9,53.8,51.3,47.4,56.4,33.3,29.2,75.0,57.5
regis university,65.0,55.0,45.0,50.0,66.7,50.0,58.3,53.3,60.0,66.7,31.3,29.2,50.0,52.35
florida atlantic university boca raton,65.0,60.0,51.7,64.2,65.0,70.2,55.8,50.0,58.3,60.8,55.0,40.8,68.3,58.85
illinois state university,65.0,60.0,53.3,62.2,65.6,80.0,68.9,56.7,55.6,57.8,68.9,62.2,68.9,63.47
university of louisville,65.0,55.0,38.3,61.7,46.7,56.7,48.3,57.5,57.5,56.7,61.7,57.5,61.7,55.72
park university,65.0,58.3,60.0,60.0,65.0,66.7,66.7,53.3,40.0,48.3,29.6,42.6,51.9,54.42
college of wooster,65.0,75.0,56.7,63.3,71.7,85.0,63.3,55.0,60.0,75.0,42.6,20.4,48.1,60.08
bucknell university,65.0,85.0,65.0,65.0,93.3,81.7,70.0,78.3,70.0,73.3,90.7,77.8,83.3,76.8
weber state university,65.0,58.3,46.7,70.0,73.3,63.3,55.0,46.7,63.3,61.7,35.2,26.7,61.7,55.92
university of puget sound,65.0,75.0,63.3,55.0,58.3,81.7,60.0,46.7,48.3,61.7,66.7,50.0,48.1,59.98
university of wisconsin oshkosh,65.0,50.0,40.0,60.0,75.0,58.3,48.3,46.7,50.0,58.3,61.7,36.7,50.0,53.85
florida gulf coast university,64.8,71.6,69.2,67.3,77.8,70.0,64.8,48.1,54.9,55.6,53.3,51.3,71.2,63.07
indiana state university,64.8,58.3,54.5,60.6,69.7,62.9,54.5,42.4,52.3,58.3,65.9,64.4,62.1,59.28
bradley university,64.6,68.1,51.4,54.2,50.0,75.0,45.8,61.1,62.5,72.2,56.9,76.4,59.7,61.38
university of texas dallas,64.6,41.7,44.4,74.3,71.5,70.8,55.6,54.2,64.6,74.3,27.8,30.6,43.8,55.25
florida a&m university,64.3,50.0,29.8,40.5,50.0,51.3,27.4,48.8,44.0,53.6,74.4,75.6,80.6,53.1
butler university,64.3,81.0,61.9,45.2,76.2,73.8,71.4,66.7,59.5,57.1,,,,65.71
minnesota state unversity mankato,64.3,63.1,41.7,75.0,66.7,59.5,47.6,44.0,50.0,54.8,77.4,46.4,61.9,57.88
delta state university,64.3,61.9,45.2,59.5,61.9,69.0,38.1,35.7,45.2,50.0,,,,53.08
william woods university,64.3,69.0,42.9,45.2,73.8,76.2,59.5,35.7,52.4,59.5,,,,57.85
university of nebraska lincoln,64.3,67.9,56.0,73.8,77.4,58.3,49.4,56.0,54.8,58.9,66.1,66.1,65.5,62.65
iona college,64.3,59.5,45.2,52.4,47.6,64.3,47.6,45.2,40.5,35.7,,,,50.23
sarah lawrence college,64.3,76.2,45.2,50.0,76.2,83.3,71.4,71.4,52.4,64.3,,,,65.47
northern state university,64.3,59.5,31.0,38.1,52.4,59.5,54.8,47.6,45.2,57.1,,,,50.95
university of dallas,64.3,35.7,38.1,47.6,64.3,73.8,57.1,54.8,66.7,71.4,,,,57.38
biola university,63.9,59.3,59.3,59.3,74.1,77.8,61.1,42.6,53.7,60.0,18.5,0.0,72.2,53.98
idaho state university,63.9,50.0,46.3,61.1,64.8,59.3,55.6,37.0,51.9,50.0,54.2,37.5,75.0,54.35
southeastern louisiana university,63.9,53.7,50.0,64.8,68.5,70.4,48.1,53.7,55.6,61.1,56.3,39.6,72.9,58.35
university of maine,63.9,63.0,40.7,66.7,76.9,64.8,48.1,47.2,53.7,48.1,79.4,58.8,61.8,59.47
middle tennessee state university,63.8,56.3,43.7,66.7,70.1,74.1,50.6,42.5,48.9,52.9,63.2,55.2,56.3,57.25
austin peay state university,63.6,66.7,37.9,56.1,66.7,66.7,60.6,40.9,45.5,53.0,45.5,62.1,51.5,55.14
university of hawaii manoa,63.5,73.7,41.7,62.8,72.4,69.9,53.8,52.6,54.5,59.0,57.7,35.3,77.6,59.58
suny stony brook,63.5,48.7,35.9,67.3,64.7,50.0,44.7,64.7,56.0,66.7,46.7,37.8,56.0,54.05
central washington university,63.5,67.9,48.7,74.4,70.5,67.9,55.1,44.9,55.1,61.5,60.3,9.0,64.1,57.15
western michigan university,63.3,56.7,45.6,66.7,64.4,66.7,48.9,46.7,50.0,44.4,72.2,61.1,64.4,57.78
suny binghamton,63.3,41.1,41.1,55.6,67.8,52.2,41.1,60.0,66.7,73.3,51.1,51.1,50.0,54.95
university of houston,63.2,60.8,42.2,72.5,46.1,66.7,48.0,52.0,51.0,59.8,48.0,49.0,59.8,55.32
university of arkansas,62.5,75.9,50.9,76.9,68.5,57.4,50.0,57.4,58.3,64.8,67.6,69.4,70.4,63.85
saint leo university,62.5,65.2,62.5,62.5,68.1,81.9,41.7,56.9,52.8,52.8,47.0,45.5,69.7,59.16
georgia state university,62.5,49.3,50.0,65.3,44.4,54.2,51.4,40.3,47.2,54.9,44.4,31.9,61.1,50.53
loyola university chicago,62.5,66.7,55.6,56.9,50.0,59.7,52.8,55.6,51.4,54.2,50.0,33.3,61.1,54.6
bellarmine university,62.5,71.7,50.0,65.0,78.3,73.3,71.7,71.7,65.0,66.7,53.7,29.6,70.4,63.82
saint cloud state university,62.5,53.3,48.3,71.7,65.0,75.0,61.7,43.3,45.0,55.0,68.3,36.7,68.3,58.01
saint olaf college,62.5,72.2,66.7,63.9,81.9,70.8,65.3,56.9,56.9,68.1,24.2,13.6,80.3,60.25
university of southern mississippi,62.5,61.9,39.3,63.1,67.9,60.7,58.3,57.1,54.8,56.0,59.5,53.6,67.9,58.66
missouri southern state university,62.5,58.3,39.6,54.2,64.6,68.8,54.2,33.3,50.0,50.0,28.6,21.4,57.1,49.43
university of nebraska omaha,62.5,61.9,70.2,75.0,77.4,69.0,58.3,57.1,64.1,58.3,51.2,52.4,71.4,63.75
pace university,62.5,47.2,45.8,61.1,59.7,62.5,47.2,52.8,54.2,50.0,63.6,54.5,59.1,55.4
saint bonaventure university,62.5,68.8,41.7,62.5,72.9,62.5,43.8,64.3,50.0,47.9,59.5,7.1,66.7,54.63
university of north carolina greensboro,62.5,68.5,53.9,77.8,62.0,75.0,57.4,53.7,50.0,56.5,49.1,50.0,58.3,59.59
kenyon college,62.5,83.3,39.6,52.1,83.3,79.2,60.4,47.9,45.8,70.8,73.8,61.9,35.7,61.25
portland state university,62.5,56.3,44.8,55.2,56.3,59.4,53.1,38.5,49.0,55.2,36.7,20.0,60.0,49.77
drexel university,61.8,41.2,50.0,71.9,35.1,42.1,39.5,74.6,61.4,70.2,53.5,54.6,48.2,54.16
george washington university,61.7,57.3,78.1,71.9,72.9,57.3,39.6,69.8,65.6,64.1,66.1,48.4,62.5,62.72
grove city college,61.7,74.4,56.7,46.7,84.4,63.3,47.8,31.1,54.4,50.0,9.5,51.2,52.4,52.58
loyola marymount university,61.5,84.6,56.4,57.7,73.1,78.2,44.9,64.1,57.7,59.0,59.7,56.1,81.9,64.22
adelphi university,61.5,71.8,51.3,67.9,71.8,65.4,51.3,53.8,47.4,64.1,56.4,53.8,60.3,59.75
clark university,61.4,56.1,54.5,63.6,45.5,74.2,54.5,62.1,45.5,57.6,57.6,4.5,53.0,53.08
rhode island college,61.4,43.9,42.4,45.5,63.6,57.6,53.0,40.9,51.5,50.0,45.0,35.0,53.3,49.47
university of wisconsin whitewater,61.4,68.2,43.9,63.6,62.1,65.2,48.5,45.5,43.9,51.5,75.8,60.6,57.6,57.52
university of colorado denver,61.1,31.5,24.1,53.7,50.0,66.7,46.3,29.6,37.0,37.0,35.4,10.4,56.3,41.47
morehead state university,61.1,53.7,37.0,57.4,70.4,68.5,57.4,27.8,44.4,56.3,60.4,68.8,72.9,56.62
grand valley state university,61.1,75.3,50.0,69.1,80.9,70.4,58.6,48.1,54.3,58.0,54.3,42.6,67.9,60.82
university of michigan dearborn,61.1,50.0,16.7,55.6,70.4,55.6,42.6,55.6,35.2,50.0,43.8,47.9,52.1,48.97
university of central oklahoma,61.1,46.3,40.7,57.4,70.4,74.1,55.6,27.8,42.6,46.3,39.6,25.0,52.1,49.15
university of pittsburgh johnstown,61.1,66.7,53.7,44.4,85.2,53.7,40.7,29.6,35.2,37.0,54.2,43.8,54.2,50.73
southwestern university,61.1,70.4,66.7,68.5,74.1,85.2,63.0,48.1,66.7,68.5,62.5,56.3,61.9,65.62
illinois institute of technology,60.9,51.0,47.9,60.4,49.0,67.7,52.1,58.3,63.5,72.9,42.2,60.0,45.6,56.27
john brown university,60.7,73.8,52.4,69.0,83.3,76.2,59.5,45.2,54.8,66.7,,,,64.16
american intercontinental university,60.7,54.8,47.6,59.5,50.0,66.7,69.0,38.1,59.5,66.7,,,,57.26
azusa pacific university,60.7,47.6,47.6,42.9,66.7,50.0,31.0,35.7,23.8,35.7,,,,44.17
colorado school of mines,60.7,52.4,23.8,50.0,78.6,52.4,50.0,73.8,66.7,73.8,,,,58.22
lake forest college,60.7,78.6,59.5,50.0,71.4,69.0,61.9,45.2,47.6,40.5,,,,58.44
berkeley college,50.0,50.0,42.9,52.4,47.6,45.2,33.3,50.0,45.2,45.2,,,,46.18
george mason university,60.7,58.7,42.9,72.2,66.7,57.9,46.8,50.0,50.0,61.7,38.9,37.3,69.8,54.89
indiana university  purdue university indianapolis,60.5,54.4,36.0,74.1,69.3,61.4,41.2,50.0,46.5,50.0,25.9,17.6,57.8,49.59
eastern washington university,60.5,58.8,46.5,66.7,70.2,62.3,45.6,32.5,42.1,48.2,43.9,32.5,57.0,51.29
college of new jersey,60.4,67.9,53.8,62.8,82.1,71.8,53.8,51.3,64.1,66.7,59.7,47.2,69.4,62.38
utah valley state college,60.4,62.5,38.9,54.2,86.1,72.2,62.5,41.7,51.4,59.7,44.4,18.1,77.8,56.15
santa clara university,60.0,84.4,54.4,67.8,71.1,73.3,61.1,58.9,64.4,63.3,47.8,38.9,71.1,62.81
university of new orleans,60.0,65.0,30.0,68.3,56.7,51.7,46.7,58.3,56.7,60.0,46.3,42.6,66.7,54.54
rutgers university camden,60.0,36.7,28.3,53.3,31.7,58.3,55.0,70.0,50.0,50.0,48.1,31.5,53.7,48.2
polytechnic university,60.0,51.7,40.0,56.7,63.3,63.3,53.3,61.7,68.3,68.3,35.0,31.7,26.7,52.31
university of akron main campus,60.0,54.2,51.7,65.0,54.2,60.0,50.8,40.0,52.5,55.8,63.3,50.8,58.3,55.12
bloomsburg university of pennsylvania,60.0,56.7,42.2,58.9,66.7,65.6,60.0,46.7,54.4,50.0,78.9,58.3,62.2,58.51
johnson&wales university,60.0,40.0,45.0,58.3,50.0,55.0,55.0,38.3,36.7,30.0,70.4,57.4,46.3,49.42
christopher newport university,60.0,68.3,65.0,56.7,73.3,70.0,46.7,41.7,53.3,58.3,33.3,30.0,60.0,55.12
virginia commonwealth university,60.0,50.7,45.3,64.0,42.0,58.0,46.0,48.0,46.5,49.3,59.0,34.7,54.0,50.58
university of wisconsin parkside,60.0,66.7,50.0,55.0,61.7,61.7,51.7,31.7,41.7,46.7,58.3,35.0,51.7,51.68
wayne state university,59.7,59.3,49.1,65.7,48.1,60.2,48.1,43.5,57.4,53.7,52.9,41.2,56.9,53.52
wright state university main campus,59.6,50.0,52.6,64.1,60.3,51.3,44.9,39.7,46.2,51.3,43.6,42.3,56.4,50.95
university of san francisco,59.4,54.2,35.4,47.9,58.3,75.0,62.5,54.2,56.3,50.0,38.1,26.2,59.5,52.08
university of tampa,59.4,68.8,64.6,54.2,70.8,56.3,50.0,54.2,43.8,41.7,59.5,35.7,,54.92
suffolk university,59.4,39.6,56.3,56.3,72.9,70.8,64.6,64.6,41.7,50.0,47.6,14.3,69.0,54.39
philadelphia university,59.4,58.3,50.0,64.6,75.0,75.0,60.4,45.8,56.3,56.3,50.0,23.8,64.3,56.86
south dakota state university,59.4,60.4,41.7,62.5,75.0,43.8,52.1,50.0,45.8,39.6,71.4,26.2,47.6,51.96
washington and lee university,59.4,89.6,66.7,58.3,85.4,75.0,60.4,72.9,71.4,64.6,83.3,85.7,73.8,72.81
university of washington tacoma campus,59.4,43.8,25.0,43.8,43.8,64.6,54.2,39.6,52.1,47.9,26.2,16.7,50.0,43.62
baker college of auburn hills,59.4,37.5,38.1,50.0,62.5,43.8,45.2,45.8,35.4,37.5,38.1,33.3,45.2,43.98
georgia southern university,59.1,60.6,47.0,62.1,53.3,69.7,43.9,56.1,50.0,56.1,69.7,57.6,57.6,57.14
northeastern illinois university,59.1,43.9,42.4,53.0,56.1,56.1,51.5,25.8,43.9,37.9,23.3,38.9,56.7,45.28
southern illinois university edwardsville,59.1,66.7,56.1,63.3,75.8,69.7,56.1,45.5,62.1,60.6,40.0,38.9,70.0,58.76
mount holyoke college,59.1,93.6,69.7,69.7,87.9,83.3,63.6,74.2,65.2,66.7,46.7,0.0,65.0,64.98
ferris state university,59.1,54.5,53.0,62.1,62.1,66.7,47.0,45.5,48.5,51.5,66.7,58.3,55.0,56.15
university of minnesota duluth,59.1,63.6,31.7,71.2,74.2,59.1,33.3,39.4,47.0,42.4,74.1,31.7,66.7,53.35
millersville university of pennsylvania,58.8,72.5,51.0,59.8,79.4,65.7,57.8,43.1,56.9,56.9,61.5,46.9,60.4,59.28
university of alaska anchorage,58.3,56.9,48.6,56.9,59.7,69.4,37.5,25.0,44.4,52.8,40.3,29.2,47.2,48.17
stetson university,58.3,74.1,33.3,51.9,74.1,88.9,53.7,63.0,46.3,51.9,50.0,64.6,70.8,60.07
cuny queens college,58.3,56.9,30.6,55.6,69.4,65.3,56.9,48.6,58.3,58.3,47.0,30.3,51.5,52.85
suny college oswego,58.3,58.3,37.5,62.5,70.8,72.2,45.8,45.8,34.7,45.8,87.9,75.8,63.6,58.38
west chester university of pennsylvania,58.3,61.1,33.3,51.4,58.3,61.1,40.3,43.1,52.8,47.2,76.4,54.2,63.9,53.95
johns hopkins university,58.1,70.2,55.1,75.8,47.5,51.0,50.0,92.9,85.9,78.3,37.4,50.0,41.9,61.08
suny albany,58.0,36.4,35.6,61.4,59.8,46.2,40.9,39.4,43.9,50.8,88.6,59.8,58.3,52.24
california state university san bernardino,57.8,56.3,40.6,60.4,64.6,61.5,53.1,41.7,42.7,47.9,26.0,27.1,55.2,48.84
university of south alabama,57.5,45.0,35.0,48.3,66.7,61.7,55.0,31.7,38.3,51.7,38.9,44.4,57.4,48.58
columbia college chicago,57.5,43.3,56.7,55.0,43.3,76.7,46.7,41.7,45.0,50.0,68.5,18.5,63.0,51.22
alaska pacific university,57.1,54.8,50.0,59.5,57.1,52.4,59.5,66.7,54.8,54.8,38.1,40.5,50.0,53.48
california state university northridge,57.1,62.7,52.5,70.6,69.0,64.3,50.0,50.0,47.6,46.0,52.4,42.1,63.5,55.98
vanguard university of southern california,57.1,61.9,26.2,52.4,64.3,64.3,50.0,14.3,28.6,47.6,,,,46.67
fairfield university,57.1,69.0,64.3,69.0,71.4,71.4,57.1,54.8,59.5,61.9,,,,63.55
jacksonville university,57.1,61.9,50.0,40.5,52.4,76.2,38.1,38.1,31.0,45.2,,,,49.05
wheaton college,56.3,54.2,47.9,41.7,77.1,70.8,50.0,64.6,71.4,61.9,26.2,0.0,73.8,53.53
emporia state university,57.1,47.6,35.7,47.6,78.6,57.1,59.5,31.0,31.0,26.2,,,,47.14
nebraska wesleyan university,57.1,64.3,59.5,50.0,76.2,73.8,42.9,38.1,61.9,54.8,,,,57.86
suny buffalo,57.1,49.4,50.0,74.1,57.7,45.8,47.0,52.4,65.4,60.1,72.6,54.8,55.4,57.06
pennsylvania state univ penn st worthington scrntn,57.1,59.5,28.6,57.1,73.8,64.3,66.7,54.8,54.8,42.9,,,,55.96
point park university,57.1,45.2,31.0,35.7,54.8,64.3,54.8,47.6,57.1,45.2,,,,49.28
texas a&m university texarkana,57.1,33.3,,33.3,42.9,61.9,50.0,57.1,28.6,42.9,,,,45.23
southern utah university,57.1,59.5,26.2,59.5,71.4,73.8,52.4,38.1,33.3,47.6,,,,51.89
university of nevada reno,56.8,57.6,53.0,51.5,69.7,51.5,42.4,47.0,43.9,42.4,66.7,50.0,48.3,52.37
university of vermont,56.8,66.7,43.9,43.9,63.6,57.6,34.8,51.5,34.8,40.9,90.0,45.0,50.0,52.27
california state university sacramento,56.7,53.3,41.1,61.1,61.1,63.3,52.2,46.7,51.1,58.9,52.2,51.1,65.6,54.95
eastern michigan university,56.5,50.0,42.0,61.6,32.6,65.9,41.3,40.6,42.8,55.8,52.9,43.5,60.1,49.66
california state university bakersfield,56.3,37.5,19.0,45.8,75.0,50.0,43.8,33.3,35.4,47.9,21.4,38.1,57.1,43.12
university of southern indiana,56.3,54.2,60.4,58.3,58.3,77.1,47.9,22.9,25.0,33.3,61.9,47.6,54.8,50.62
southeast missouri state university,56.3,54.2,54.2,54.2,54.2,60.4,52.1,33.3,50.0,39.6,62.5,68.8,56.3,53.55
youngstown state university,56.3,48.6,36.1,58.3,45.8,54.2,36.1,34.7,27.8,34.7,56.1,45.5,48.5,44.82
linfield college,56.3,70.8,52.1,35.4,72.9,75.0,56.3,41.7,45.8,45.8,38.1,45.2,35.7,51.62
david lipscomb university,56.3,51.0,43.8,45.8,59.4,55.2,44.8,43.8,38.5,46.9,14.4,10.0,44.4,42.64
old dominion university,56.3,56.3,51.0,65.6,62.5,56.3,51.0,53.1,53.1,57.3,57.3,50.0,50.0,55.37
university of cincinnati,55.7,59.8,40.9,65.9,43.2,53.8,44.7,58.3,49.2,54.5,60.6,59.8,57.6,54.15
university of central arkansas,55.6,70.4,51.9,68.5,79.6,66.7,51.9,29.6,44.4,44.4,57.4,63.0,68.5,57.84
chapman university,55.6,59.3,37.5,51.9,70.4,68.5,44.4,51.9,48.1,51.9,35.4,41.7,66.7,52.56
lamar university,55.6,56.5,53.9,59.3,50.9,64.8,57.4,34.3,50.9,50.9,38.9,50.9,63.0,52.87
university of texas el paso,55.6,59.3,46.3,55.6,75.9,57.4,38.9,31.5,42.6,46.3,50.0,29.2,54.2,49.45
drake university,55.0,43.3,35.0,48.3,45.0,56.7,41.7,46.7,43.3,46.7,59.3,59.3,55.6,48.92
university of southern maine,55.0,48.3,41.7,45.0,60.0,56.7,33.3,30.0,51.7,46.7,59.3,46.3,40.7,47.28
bridgewater state college,55.0,58.3,48.3,61.7,71.7,58.3,45.0,41.7,50.0,41.7,53.7,40.7,53.7,52.29
university of missouri st louis,55.0,50.0,41.7,68.3,65.0,63.3,56.7,46.7,40.0,53.3,33.3,24.1,55.6,50.23
cuny baruch college,55.0,53.3,25.0,56.7,61.7,58.3,33.3,53.3,55.0,50.0,33.3,29.6,55.6,47.7
cleveland state university,55.0,28.3,31.7,56.7,45.0,61.7,43.3,28.3,43.3,43.3,33.3,35.2,42.6,42.13
ohio northern university,55.0,66.7,65.0,56.7,77.8,57.4,51.7,58.3,51.7,68.3,66.7,45.8,59.3,60.03
flagler college,54.5,93.1,37.9,54.5,69.7,69.7,60.6,47.0,60.6,62.1,33.3,3.3,60.0,54.33
university of louisiana lafayette,54.5,54.5,39.4,59.1,65.2,56.1,48.5,31.8,48.5,47.0,81.7,58.3,75.0,55.35
university of memphis,54.4,54.9,38.2,64.7,50.0,55.9,50.0,42.2,51.0,52.9,52.9,46.1,55.9,51.47
western illinois university,54.2,54.2,50.0,65.3,75.0,55.6,51.4,37.5,26.4,41.7,83.3,68.2,65.2,56.0
university of rhode island,54.2,65.3,38.9,51.4,55.6,61.1,56.9,54.2,52.8,44.4,75.0,66.7,58.3,56.52
clayton college and state university,53.6,73.8,66.7,69.0,76.2,35.7,35.7,40.5,42.9,40.5,,,,53.46
columbus state university,53.6,52.4,61.9,61.9,83.3,83.3,47.6,33.3,57.1,59.5,,,,59.39
purdue university north central campus,53.6,59.5,52.4,50.0,76.2,59.5,40.5,57.1,54.8,54.8,,,,55.84
baldwin wallace college,53.6,62.8,39.7,43.6,79.5,66.7,55.1,42.3,48.6,65.4,37.9,61.1,58.3,54.97
ohio university zanesville branch,53.6,45.2,31.0,28.6,76.2,71.4,52.4,11.9,42.9,40.5,,,,45.37
trevecca nazarene university,53.6,59.5,35.7,40.5,64.3,69.0,54.8,11.9,42.9,54.8,,,,48.7
capella university,53.6,45.2,47.6,61.9,61.9,52.4,64.3,42.9,45.2,47.6,,,,52.26
valdosta state university,53.1,62.5,52.1,54.2,45.8,47.9,29.2,45.8,31.3,35.4,61.9,57.1,66.7,49.46
university of illinois chicago,53.1,32.3,35.4,53.1,43.8,43.8,35.4,56.3,54.2,61.5,33.3,19.8,55.2,44.4
indiana university  purdue university fort wayne,53.1,56.3,52.1,47.9,56.3,33.3,22.9,45.8,58.3,47.9,23.8,11.9,54.8,43.42
saint marys college,53.1,75.0,62.5,54.2,79.2,77.1,56.3,52.1,45.8,52.1,42.9,23.8,69.0,57.16
fort hays state university,53.1,50.0,20.8,52.1,77.1,64.6,50.0,16.7,33.3,37.5,81.0,42.9,59.5,49.12
louisiana state university shreveport,53.1,47.9,33.3,60.4,81.3,70.8,62.5,52.1,52.1,60.4,33.3,26.2,57.1,53.12
union college,53.1,62.5,27.1,62.5,68.8,56.3,58.3,37.5,52.1,43.8,40.5,28.6,71.4,50.96
allegheny college,53.1,72.9,45.8,66.7,75.0,61.9,50.0,54.2,50.0,62.5,33.3,,64.3,57.48
university of houston downtown,53.1,29.2,25.0,43.8,45.8,45.8,20.8,37.5,35.4,41.7,21.4,14.3,59.5,36.41
mississippi college,52.8,64.8,61.1,46.3,70.4,74.1,57.4,59.3,63.0,59.3,20.8,25.0,70.8,55.78
seton hall university,52.8,61.1,44.4,59.3,51.9,53.7,31.5,55.6,37.0,53.7,50.0,54.2,58.3,51.04
gannon university,52.8,46.3,40.7,63.0,66.7,64.8,61.1,66.7,53.7,53.7,52.1,62.5,77.1,58.55
california state university los angeles,52.5,50.0,40.0,60.0,71.7,66.7,51.7,55.0,51.7,53.3,55.6,53.7,53.7,55.05
central connecticut state university,52.5,43.3,36.7,53.3,63.3,60.0,41.7,41.7,36.7,45.0,38.9,13.0,51.9,44.46
stevens institute of technology,52.3,66.7,33.3,47.0,74.2,56.1,28.8,66.7,72.7,74.2,41.7,65.0,35.0,54.9
albany state university,51.9,47.4,32.1,62.8,55.1,39.7,42.3,42.3,57.7,52.6,69.4,58.3,63.9,51.96
wichita state university,51.8,54.8,35.7,61.9,54.8,53.6,50.0,39.3,56.0,51.2,47.4,39.7,44.9,49.32
university of maryland baltimore county,51.4,51.9,59.3,65.7,64.8,61.1,41.7,49.1,61.1,66.7,37.0,36.1,47.2,53.32
temple university,50.9,48.2,35.7,65.5,40.5,56.0,37.5,59.5,45.2,48.8,53.0,41.4,53.0,48.86
la sierra university,50.0,61.9,33.3,47.6,69.0,73.8,61.9,28.6,47.6,45.2,,,,51.89
new college of california,50.0,47.9,33.3,37.5,60.4,50.0,56.3,31.3,33.3,52.1,69.0,19.0,59.5,46.12
miami dade college,50.0,55.6,33.3,46.3,40.7,51.9,48.1,27.8,31.5,33.3,62.5,16.7,54.2,42.45
augusta state university,50.0,62.5,33.3,58.3,66.7,54.2,56.3,22.9,54.2,54.2,42.9,33.3,59.5,49.87
university of evansville,50.0,64.3,47.6,54.8,83.3,59.5,45.2,42.9,45.2,42.9,,,,53.57
kettering university,50.0,45.2,33.3,45.2,26.2,64.3,54.8,54.8,59.5,71.4,,,,50.47
lawrence technological university,50.0,48.1,33.3,57.4,68.5,72.2,55.6,57.4,57.4,64.8,25.0,35.4,29.2,50.33
oakland university,50.0,51.5,37.9,56.7,71.2,66.7,51.5,48.5,59.1,59.1,22.7,12.1,54.5,49.35
rowan university,50.0,51.7,45.0,56.7,58.3,58.3,50.0,36.7,45.0,51.7,64.8,55.6,63.0,52.83
rutgers university newark,50.0,35.2,24.1,50.0,35.2,53.7,24.1,40.7,44.4,37.0,20.8,29.2,50.0,38.03
niagara university,50.0,58.3,37.5,45.8,70.8,68.8,47.9,33.3,50.0,45.8,61.9,21.4,64.3,50.45
pratt institute main,50.0,59.5,23.8,42.9,31.0,47.6,35.7,73.8,45.2,57.1,,,,46.66
lebanon valley college,50.0,72.9,45.8,54.2,75.0,77.1,58.3,31.3,37.5,45.8,23.8,28.6,45.2,49.65
university of arts,50.0,27.1,45.8,45.8,52.1,62.5,60.4,58.3,47.9,50.0,61.9,0.0,54.8,47.43
washington state university vancouver,50.0,69.0,19.0,54.8,81.0,,45.2,45.2,31.0,33.3,,,,47.61
university of texas san antonio,48.7,61.4,49.1,56.1,68.4,63.2,54.4,46.5,49.1,52.6,46.5,55.3,58.8,54.62
devry university arizona,47.5,46.7,30.0,53.3,57.4,55.0,58.3,48.3,40.0,51.7,16.7,1.9,40.7,42.12
university of denver,46.9,60.4,27.1,50.0,64.6,58.3,58.3,62.5,64.6,58.3,52.4,50.0,69.0,55.57
university of michigan flint,46.9,29.2,14.6,37.5,20.8,52.1,29.2,47.9,41.7,42.9,26.2,19.0,35.7,34.13
cuny brooklyn college,46.9,79.2,16.7,64.6,58.3,47.9,37.5,62.5,64.6,64.6,25.0,39.6,62.5,51.53
devry university ohio,46.9,37.5,43.8,52.1,50.0,56.3,54.2,45.8,41.7,56.3,50.0,4.2,33.3,44.01
western oregon university,46.9,58.3,39.6,38.1,68.8,60.4,54.2,20.8,33.3,35.4,21.4,9.5,40.5,40.55
university of illinois springfield,46.4,54.8,61.9,69.0,83.3,78.6,69.0,54.8,61.9,66.7,,,,64.64
suny college oneonta,46.4,59.5,40.5,61.9,59.5,54.8,33.3,42.9,35.7,50.0,,,,48.45
shepherd college,46.4,45.2,35.7,42.9,54.8,47.6,35.7,26.2,19.0,40.5,,,,39.4
university of wisconsin platteville,46.4,54.8,45.2,54.8,76.2,64.3,59.5,19.0,31.0,28.6,,,,47.98
university of puerto rico rio piedras,46.4,47.6,40.5,45.2,45.2,38.1,42.9,61.9,57.1,57.1,,,,48.2
university of missouri kansas city,46.2,42.3,30.8,50.0,38.5,51.3,29.5,29.5,48.7,55.1,25.6,17.9,48.6,39.54
university of new mexico main campus,46.2,61.5,41.0,60.3,53.8,55.1,44.9,43.6,52.6,53.8,46.2,38.5,53.8,50.1
california state university hayward,45.5,45.5,42.4,47.0,57.6,56.1,33.3,25.8,47.0,53.0,23.3,21.7,51.7,42.3
kennesaw state university,44.6,57.1,64.3,54.8,65.5,67.9,39.3,40.5,52.4,54.8,35.7,29.8,63.1,51.52
spring arbor university,43.8,54.2,43.8,39.6,85.4,75.0,58.3,31.3,47.9,58.3,16.7,2.4,50.0,46.67
lindenwood university,43.8,62.5,37.5,37.5,60.4,60.4,41.7,29.2,35.4,41.7,38.1,28.6,66.7,44.88
university of north carolina charlotte,43.8,47.9,37.8,52.1,49.0,53.1,33.3,39.6,43.8,44.8,50.0,52.4,59.5,46.7
mercer university,42.9,59.5,45.2,52.4,71.4,61.9,42.9,57.1,28.6,40.5,,,,50.24
chicago state university,42.9,47.6,50.0,45.2,69.0,64.3,57.1,35.7,40.5,47.6,,,,49.99
wilkes university,42.9,40.5,52.4,33.3,54.8,50.0,38.1,16.7,23.8,35.7,,,,38.82
tennessee wesleyan college,42.9,35.7,40.5,31.0,59.5,47.6,33.3,28.6,21.4,28.6,,,,36.91
southern connecticut state university,42.3,44.4,26.9,52.6,52.6,39.7,39.7,44.9,42.3,37.5,65.3,27.8,50.0,43.54
north dakota state university main campus,40.6,62.5,50.0,68.8,77.1,52.1,39.6,25.0,31.3,33.3,88.1,61.9,40.5,51.6
carthage college,40.6,58.3,39.6,37.5,79.2,64.6,50.0,43.8,29.2,43.8,69.0,59.5,71.4,52.81
new jersey institute of technology,40.4,23.1,37.2,44.9,25.6,47.4,28.2,42.3,60.3,57.7,29.2,31.9,30.6,38.37
liberty university,40.0,37.5,34.2,36.0,82.5,54.2,28.3,21.0,29.5,22.5,10.6,11.4,65.8,36.42
cuny college of staten island,39.6,51.4,18.2,43.1,63.9,55.6,36.1,19.4,22.2,27.8,19.7,9.1,43.9,34.62
art institute of california san diego,39.3,38.1,23.8,40.5,40.5,45.2,38.1,33.3,50.0,40.5,,,,38.93
connecticut college,39.3,61.9,52.4,57.1,66.7,52.4,59.5,42.9,47.6,45.2,,,,52.5
armstrong atlantic state university,39.3,50.0,52.4,42.9,71.4,54.8,57.1,33.3,35.7,45.2,,,,48.21
bob jones university,38.9,,,,,,,15.0,,26.7,12.8,,,23.35
lake superior state university,37.5,50.0,38.3,30.0,73.3,75.0,41.7,23.3,25.0,31.5,59.3,46.3,42.6,44.14
california state university fresno,35.7,54.8,26.2,59.5,38.1,66.7,42.9,35.7,52.4,59.5,57.1,42.9,42.9,47.26
edinboro university of pennsylvania,35.7,38.1,40.5,52.4,66.7,52.4,45.2,26.2,26.2,21.4,,,,40.48
east tennessee state university,35.7,61.9,35.7,54.8,61.9,50.0,35.7,31.0,42.9,45.2,,,,45.48
dean college,35.0,37.8,25.6,35.6,56.7,68.9,43.3,18.9,28.9,16.7,33.3,14.3,29.8,34.22
university of massachusetts dartmouth,35.0,20.0,33.3,46.7,45.0,58.3,43.3,33.3,31.5,38.3,45.0,38.9,46.3,39.61
cuny hunter college,34.4,25.0,14.6,43.8,37.5,39.6,12.5,37.5,27.1,31.3,35.7,26.2,59.5,32.67
embry riddle aeronautical university daytona beach,33.3,50.0,50.0,50.0,71.7,63.3,31.7,63.3,35.0,53.3,50.0,31.5,33.3,47.42
walla walla college,32.1,61.9,52.4,52.4,64.3,57.1,50.0,35.7,28.6,47.6,,,,48.21
university of baltimore,31.3,27.1,43.8,41.7,33.3,39.6,37.5,25.0,22.9,29.2,19.0,16.7,42.9,31.54
oral roberts university,29.5,45.5,43.9,42.4,70.8,56.9,30.6,11.1,37.9,15.5,7.6,1.5,43.9,33.62
fitchburg state college,19.4,35.2,18.5,24.1,25.9,31.5,24.1,11.1,13.0,20.8,79.2,43.8,35.4,29.38
hamilton college,,83.3,,,,,,,,,,,,83.3
